Company Name,Ticker,Industry,Year,Revenue,Cost of Sales / COGS,Gross Profit,Operating Profit / EBIT,EBITDA,Interest Expense,Net Income,Cash & Cash Equivalents,Accounts Receivable,Inventory,Current Assets,Total Assets,Current Liabilities,Total Liabilities,Short-Term Debt,Long-Term Debt,Total Debt,Total Equity,Operating Cash Flow,Investing Cash Flow,Financing Cash Flow,Capital Expenditure,Distress Status,Distress Event,Distress Event Year,Current Ratio,Quick Ratio,Cash Ratio,Net Profit Margin,EBIT Margin,ROA,ROE,ROE_negative_equity_flag,Debt-to-Equity,Debt-to-Equity_negative_equity_flag,Debt Ratio,Liabilities-to-Assets,Interest Coverage,Asset Turnover,Inventory Turnover,Receivables Turnover,Operating Cash Flow Ratio,CFO to Debt,Free Cash Flow,CFO to Net Income
"American Airlines Group, Inc.",AAL,Airlines,2023,52788000000.0,40978000000.0,11810000000.0,4005000000.0,5520000000.0,2145000000.0,822000000.0,578000000.0,2026000000.0,2400000000.0,13572000000.0,63058000000.0,22062000000.0,68260000000.0,3501000000.0,28895000000.0,32396000000.0,-5202000000.0,3803000000.0,-502000000.0,-3206000000.0,-2596000000.0,1.0,Negative Stockholder Equity / Excessive Leverage,2023.0,0.6151754147402774,0.5063910796845255,0.026198894025926935,0.015571720845646737,0.07586951579904523,0.013035618002473912,-0.1580161476355248,True,-6.227604767397155,True,0.513749246725237,1.0824954803514224,1.867132867132867,0.8371340670493831,17.074166666666667,26.05528134254689,0.17237784425709365,0.11739103593036178,6399000000.0,4.626520681265207
"American Airlines Group, Inc.",AAL,Airlines,2024,54211000000.0,42746000000.0,11465000000.0,3224000000.0,5333000000.0,1934000000.0,846000000.0,804000000.0,2006000000.0,2638000000.0,13154000000.0,61783000000.0,24295000000.0,65760000000.0,5270000000.0,24617000000.0,29887000000.0,-3977000000.0,3983000000.0,-968000000.0,-2794000000.0,-2683000000.0,0.0,,,0.5414282774233381,0.432846264663511,0.03309322905947726,0.015605688882330155,0.059471325007839734,0.013693087095155626,-0.21272315815941664,True,-7.514961025898919,True,0.4837414822847709,1.0643704578929478,1.6670113753877973,0.8774420147937135,16.96943231441048,26.890376984126984,0.16394319818892777,0.13326864523036772,6666000000.0,4.708037825059102
"American Airlines Group, Inc.",AAL,Airlines,2025,54633000000.0,44162000000.0,10471000000.0,1626000000.0,4125000000.0,1716000000.0,111000000.0,954000000.0,2075000000.0,2792000000.0,12205000000.0,61774000000.0,24492000000.0,65501000000.0,4555000000.0,24639000000.0,29194000000.0,-3727000000.0,3099000000.0,-1894000000.0,-1051000000.0,-3779000000.0,0.0,,,0.4983259839947738,0.38432957700473624,0.03895149436550711,0.002031739058810609,0.029762231618252706,0.001796872470618707,-0.02978266702441642,True,-7.833109739737054,True,0.47259364781299573,1.0603328261080713,0.9475524475524476,0.8844012043901965,16.265930018416206,26.77432001960304,0.126531112199902,0.10615194903062274,6878000000.0,27.91891891891892
Apple Inc.,AAPL,Consumer Electronics,2023,383285000000.0,214137000000.0,169148000000.0,114301000000.0,125820000000.0,3933000000.0,96995000000.0,29965000000.0,60985000000.0,6331000000.0,143566000000.0,352583000000.0,145308000000.0,290437000000.0,15807000000.0,95281000000.0,111088000000.0,62146000000.0,110543000000.0,3705000000.0,-108488000000.0,-10959000000.0,0.0,,,0.9880116717592975,0.9444421504665951,0.20621713876730807,0.2530623426432028,0.2982141226502472,0.27509834563776475,1.5607601454639075,False,1.7875325845589418,False,0.3150690759338936,0.8237407929480435,29.062039155860667,1.087077369016657,33.82356657716001,6.284906124456834,0.7607495802020535,0.9950939795477459,121502000000.0,1.1396773029537606
Apple Inc.,AAPL,Consumer Electronics,2024,391035000000.0,210352000000.0,180683000000.0,123216000000.0,134661000000.0,,93736000000.0,29943000000.0,66243000000.0,7286000000.0,152987000000.0,364980000000.0,176392000000.0,308030000000.0,20879000000.0,85750000000.0,106629000000.0,56950000000.0,118254000000.0,2935000000.0,-121983000000.0,-9447000000.0,0.0,,,0.8673125765340832,0.8260068483831466,0.16975259648963673,0.23971255769943867,0.31510222870075566,0.25682503150857583,1.6459350307287095,False,1.872326602282704,False,0.29215025480848267,0.8439640528248123,,1.0713874732862074,30.895498274216052,6.146995944288993,0.6704045534944896,1.109022873702276,127701000000.0,1.2615643936161134
Apple Inc.,AAPL,Consumer Electronics,2025,416161000000.0,220960000000.0,195201000000.0,133050000000.0,144748000000.0,,112010000000.0,35934000000.0,72957000000.0,5718000000.0,147957000000.0,359241000000.0,165631000000.0,285508000000.0,20329000000.0,78328000000.0,98657000000.0,73733000000.0,111482000000.0,15195000000.0,-120686000000.0,-12715000000.0,0.0,,,0.8932929222186667,0.858770399261008,0.21695214060169896,0.2691506412181824,0.31970799762591884,0.3117962593356549,1.5191298333175105,False,1.3380304612588665,False,0.2746262258483859,0.7947533828265705,,1.1584451663368045,33.98338972623808,5.979324712643678,0.6730744848488508,1.1299958441874374,124197000000.0,0.995286135166503
AbbVie Inc.,ABBV,Drug Manufacturers - General,2023,54318000000.0,20415000000.0,33903000000.0,13535000000.0,17172000000.0,2224000000.0,4863000000.0,12814000000.0,11155000000.0,4099000000.0,33002000000.0,134711000000.0,37841000000.0,124314000000.0,7191000000.0,52194000000.0,59385000000.0,10360000000.0,22839000000.0,-2009000000.0,-17222000000.0,-777000000.0,0.0,,,0.8721228297349436,0.7638011680452419,0.3386274147089136,0.0895283331492323,0.24918075039581722,0.036099501896652834,0.4694015444015444,False,5.732142857142857,False,0.4408325971895391,0.9228199627350402,6.085881294964029,0.40321874234472316,4.980483044645036,4.869385925593904,0.6035517031790915,0.38459206870421825,23616000000.0,4.696483652066625
AbbVie Inc.,ABBV,Drug Manufacturers - General,2024,56334000000.0,16904000000.0,39430000000.0,11894000000.0,14910000000.0,2808000000.0,4278000000.0,5524000000.0,10919000000.0,4181000000.0,25582000000.0,135161000000.0,38749000000.0,131797000000.0,6804000000.0,60340000000.0,67144000000.0,3325000000.0,18806000000.0,-20820000000.0,-5211000000.0,-974000000.0,0.0,,,0.6601976825208392,0.5522981238225503,0.14255851763916488,0.0759399297049739,0.21113359605211773,0.03165114197142667,1.2866165413533834,False,20.193684210526317,False,0.4967705181228313,0.9751111637232633,4.235754985754986,0.4167918260444951,4.0830917874396135,5.104104376189182,0.48532865364267463,0.2800845943047778,19780000000.0,4.395979429640018
AbbVie Inc.,ABBV,Drug Manufacturers - General,2025,61160000000.0,18204000000.0,42956000000.0,20091000000.0,17629000000.0,2893000000.0,4226000000.0,5229000000.0,12589000000.0,4951000000.0,29062000000.0,133960000000.0,43289000000.0,137188000000.0,8555000000.0,58941000000.0,67496000000.0,-3270000000.0,19030000000.0,-6643000000.0,-12724000000.0,-1214000000.0,0.0,,,0.6713483794959458,0.5569775231583081,0.12079281110674767,0.06909744931327665,0.32849901896664485,0.03154673036727381,-1.2923547400611621,True,-20.64097859327217,True,0.5038518960883845,1.0240967452971037,6.944694089180781,0.4565541952821738,3.9868593955321945,5.203335034881742,0.43960359444662617,0.2819426336375489,20244000000.0,4.503076194983436
Abbott Laboratories,ABT,Medical Devices,2023,40109000000.0,17975000000.0,22134000000.0,6478000000.0,10544000000.0,637000000.0,5723000000.0,6896000000.0,8821000000.0,6570000000.0,22670000000.0,73214000000.0,13841000000.0,34387000000.0,1080000000.0,13599000000.0,14679000000.0,38603000000.0,7261000000.0,-3133000000.0,-7091000000.0,-2202000000.0,0.0,,,1.6378874358789104,1.1632107506683043,0.4982298966837656,0.14268618015906653,0.16150988556184398,0.07816810992433142,0.14825272647203586,False,0.3802554205631687,False,0.20049444095391591,0.4696779304504603,10.169544740973313,0.5478323817849046,2.7359208523592087,4.546990137172656,0.5246008236399105,0.4946522242659582,9463000000.0,1.2687401712388608
Abbott Laboratories,ABT,Medical Devices,2024,41950000000.0,18706000000.0,23244000000.0,6825000000.0,10790000000.0,559000000.0,13402000000.0,7616000000.0,9495000000.0,6194000000.0,23656000000.0,81414000000.0,14157000000.0,33513000000.0,1500000000.0,12625000000.0,14125000000.0,47664000000.0,8558000000.0,-2338000000.0,-5404000000.0,-2207000000.0,0.0,,,1.6709754891573074,1.233453415271597,0.5379670834216289,0.3194755661501788,0.1626936829558999,0.1646154224089223,0.2811765693185633,False,0.29634525008392076,False,0.17349595892598324,0.4116368192202815,12.209302325581396,0.5152676443854866,2.931056095267941,4.580694474776152,0.6045066045066045,0.6058761061946902,10765000000.0,0.6385614087449635
Abbott Laboratories,ABT,Medical Devices,2025,44328000000.0,19319000000.0,25009000000.0,8053000000.0,12075000000.0,493000000.0,6524000000.0,8522000000.0,10569000000.0,6488000000.0,25996000000.0,86713000000.0,16496000000.0,33942000000.0,3033000000.0,9896000000.0,12929000000.0,52130000000.0,9566000000.0,-2422000000.0,-6309000000.0,-2171000000.0,0.0,,,1.5758971871968963,1.1825897187196897,0.5166100872938895,0.14717560007218913,0.18166847139505504,0.07523670037941255,0.12514866679455208,False,0.24801457893727222,False,0.14910105751156114,0.39142919746750776,16.33468559837728,0.5112036257539239,3.0466803343321245,4.41866028708134,0.579898157129001,0.7398870755665558,11737000000.0,1.4662783568362967
Adobe Inc.,ADBE,Software - Application,2023,19409000000.0,2354000000.0,17055000000.0,6650000000.0,7784000000.0,113000000.0,5428000000.0,7141000000.0,2224000000.0,0.0,11084000000.0,29779000000.0,8251000000.0,13261000000.0,73000000.0,3634000000.0,3707000000.0,16518000000.0,7302000000.0,776000000.0,-5182000000.0,-360000000.0,0.0,,,1.3433523209307963,1.3433523209307963,0.8654708520179372,0.2796640733680251,0.3426245556185275,0.18227610060781088,0.32861121201113935,False,0.224421842838116,False,0.12448369656469324,0.4453138117465328,58.849557522123895,0.6517680244467577,,8.72706834532374,0.884983638346867,1.9697868896681954,7662000000.0,1.345246868091378
Adobe Inc.,ADBE,Software - Application,2024,21505000000.0,2358000000.0,19147000000.0,7741000000.0,7957000000.0,169000000.0,5560000000.0,7613000000.0,2072000000.0,0.0,11232000000.0,30230000000.0,10521000000.0,16125000000.0,1499000000.0,4129000000.0,5628000000.0,14105000000.0,8056000000.0,149000000.0,-7724000000.0,-183000000.0,0.0,,,1.067579127459367,1.067579127459367,0.7236004182111967,0.25854452452917925,0.3599627993489886,0.18392325504465762,0.3941864587025877,False,0.3990074441687345,False,0.18617267614952035,0.5334105193516374,45.80473372781065,0.711379424412835,,10.011638733705773,0.7657066818743465,1.431414356787491,8239000000.0,1.4489208633093524
Adobe Inc.,ADBE,Software - Application,2025,23769000000.0,2551000000.0,21218000000.0,8706000000.0,9815000000.0,263000000.0,7130000000.0,5431000000.0,2344000000.0,0.0,10163000000.0,29496000000.0,10200000000.0,17873000000.0,77000000.0,6210000000.0,6287000000.0,11623000000.0,10031000000.0,-1187000000.0,-11060000000.0,-179000000.0,0.0,,,0.9963725490196078,0.9963725490196078,0.5324509803921569,0.2999705498758888,0.36627540073204595,0.2417276918904258,0.6134388712036479,False,0.5409102641314635,False,0.21314754542988879,0.6059465690263086,33.10266159695818,0.8058380797396257,,10.764945652173912,0.9834313725490196,1.5955145538412598,10210000000.0,1.4068723702664796
"AMC Entertainment Holdings, Inc",AMC,Entertainment,2023,4812600000.0,1606400000.0,3206200000.0,39100000.0,383000000.0,411200000.0,-396600000.0,884300000.0,205200000.0,39500000.0,1203100000.0,9009200000.0,1632400000.0,10857100000.0,25100000.0,4552300000.0,4577400000.0,-1847900000.0,-215200000.0,-180100000.0,649300000.0,-229600000.0,1.0,Severe Debt Restructuring & Dilution,2023.0,0.737012987012987,0.712815486400392,0.5417177162460182,-0.08240867722229149,0.00812450650376096,-0.0440216667406651,0.2146220033551599,True,-2.4770820931868607,True,0.5080806286906717,1.2051125516139058,0.09508754863813229,0.5341872752297652,40.66835443037974,23.453216374269005,-0.13183043371722616,-0.047013588500021845,14400000.0,0.5426122037317196
"AMC Entertainment Holdings, Inc",AMC,Entertainment,2024,4637200000.0,1544800000.0,3092400000.0,-6800000.0,412700000.0,443700000.0,-352600000.0,632300000.0,169500000.0,51200000.0,947200000.0,8247500000.0,1744800000.0,10008000000.0,64200000.0,4010900000.0,4075100000.0,-1760500000.0,-50800000.0,-242900000.0,68400000.0,-245500000.0,0.0,,,0.5428702430077946,0.5135259055479138,0.3623911049977075,-0.07603726386612611,-0.0014664021392219442,-0.04275234919672628,0.20028401022436806,True,-2.314740130644703,True,0.4941012428008487,1.2134586238254017,-0.01532567049808429,0.5622552288572294,34.063947078280044,24.75153456098212,-0.02911508482347547,-0.012465951755785134,194700000.0,0.14407260351673284
"AMC Entertainment Holdings, Inc",AMC,Entertainment,2025,4848900000.0,1602200000.0,3246700000.0,40500000.0,215700000.0,530200000.0,-632400000.0,428500000.0,157300000.0,42600000.0,730500000.0,8017800000.0,1772300000.0,9912600000.0,19900000.0,4018600000.0,4038500000.0,-1894800000.0,-119800000.0,-221600000.0,125200000.0,-246100000.0,0.0,,,0.41217626812616376,0.3881397054674717,0.24177622298707893,-0.13042133267338984,0.008352409824908742,-0.07887450422809249,0.3337555414819506,True,-2.1313595102385476,True,0.503691785776647,1.236324178702387,0.07638626933232742,0.604766893661603,34.16204690831557,29.675030599755203,-0.06759577949557073,-0.02966447938591061,126300000.0,0.1894370651486401
"Amazon.com, Inc.",AMZN,Internet Retail,2023,574785000000.0,304739000000.0,270046000000.0,36852000000.0,89402000000.0,3182000000.0,30425000000.0,73387000000.0,52253000000.0,33318000000.0,172351000000.0,527854000000.0,164917000000.0,325979000000.0,0.0,58314000000.0,58314000000.0,201875000000.0,84946000000.0,-49833000000.0,-15879000000.0,-52729000000.0,0.0,,,1.0450772206625152,0.8430483212767634,0.4449935422060794,0.05293283575597832,0.0641144079960333,0.057639044129626754,0.15071207430340558,False,0.28886191950464396,False,0.11047372947822694,0.6175552330758126,11.581395348837209,1.0889090543976174,9.146377333573444,11.000038275314337,0.5150833449553411,1.4566999348355454,137675000000.0,2.7919802793755135
"Amazon.com, Inc.",AMZN,Internet Retail,2024,637959000000.0,326288000000.0,311671000000.0,68593000000.0,123815000000.0,2406000000.0,59248000000.0,78779000000.0,55451000000.0,34214000000.0,190867000000.0,624894000000.0,179431000000.0,338924000000.0,0.0,52623000000.0,52623000000.0,285970000000.0,115877000000.0,-94342000000.0,-11812000000.0,-82999000000.0,0.0,,,1.063734806137178,0.8730542659852534,0.43904899376361944,0.09287117197186653,0.1075194487420038,0.09481288026449286,0.2071825715984194,False,0.18401580585376087,False,0.08421108219954104,0.5423703860174686,28.509143807148796,1.020907545919788,9.663211514541254,11.846523805986779,0.645802564774203,2.2020219295745207,198876000000.0,1.9557959762354848
"Amazon.com, Inc.",AMZN,Internet Retail,2025,716924000000.0,356414000000.0,360510000000.0,79975000000.0,165341000000.0,2274000000.0,77670000000.0,86810000000.0,67729000000.0,38325000000.0,229083000000.0,818042000000.0,218005000000.0,406977000000.0,0.0,65648000000.0,65648000000.0,411065000000.0,139514000000.0,-142545000000.0,9661000000.0,-131819000000.0,0.0,,,1.0508153482718285,0.8750166280589895,0.39820187610375907,0.10833784334183261,0.11155296795755199,0.09494622525493801,0.1889482198679041,False,0.1597022368725141,False,0.08025015830483032,0.49750135078638996,35.16930518909411,0.8763902097936291,9.826824191124775,11.64026627699302,0.6399577991330474,2.1251827930782357,271333000000.0,1.796240504699369
BlackBerry Limited,BB,Software - Infrastructure,2023,526300000.0,159700000.0,366600000.0,-69600000.0,-90700000.0,6400000.0,-734400000.0,295000000.0,135000000.0,0.0,743000000.0,1679000000.0,729000000.0,822000000.0,367000000.0,52000000.0,419000000.0,857000000.0,-262200000.0,175200000.0,6000000.0,-40900000.0,1.0,Strategic Review & Debt Refinancing,2024.0,1.01920438957476,1.01920438957476,0.4046639231824417,-1.3954018620558617,-0.13224396731901958,-0.4374032162001191,-0.8569428238039674,False,0.48891481913652274,False,0.2495533055390113,0.48957712924359736,-10.875,0.31346039309112567,,3.8985185185185185,-0.3596707818930041,-0.6257756563245823,-221300000.0,0.3570261437908497
BlackBerry Limited,BB,Software - Infrastructure,2024,759100000.0,268400000.0,490700000.0,45600000.0,93900000.0,5600000.0,-130200000.0,175100000.0,223700000.0,0.0,507500000.0,1395000000.0,356900000.0,619900000.0,19600000.0,194100000.0,213700000.0,775100000.0,-3500000.0,46600000.0,-165100000.0,-20900000.0,1.0,Strategic Review & Debt Refinancing,2024.0,1.421966937517512,1.421966937517512,0.4906136172597366,-0.17151890396522199,0.060071136872612306,-0.09333333333333334,-0.16797832537737067,False,0.27570636046961683,False,0.15318996415770608,0.44437275985663083,8.142857142857142,0.5441577060931899,,4.232506272651241,-0.009806668534603531,-0.016378100140383715,17400000.0,0.026881720430107527
BlackBerry Limited,BB,Software - Infrastructure,2025,534900000.0,140000000.0,394900000.0,13100000.0,59200000.0,6000000.0,-79000000.0,266700000.0,223700000.0,0.0,591500000.0,1295600000.0,344300000.0,575700000.0,15000000.0,195300000.0,210300000.0,719900000.0,16500000.0,60700000.0,3100000.0,-10100000.0,0.0,,,1.7179785071158873,1.7179785071158873,0.7746151611966309,-0.14769115722564966,0.024490558982987475,-0.06097560975609756,-0.10973746353660231,False,0.29212390609806915,False,0.16231861685705465,0.4443501080580426,2.183333333333333,0.4128589070700834,,2.391148860080465,0.04792332268370607,0.07845934379457917,26600000.0,-0.2088607594936709
Blink Charging Co.,BLNK,Engineering & Construction,2023,140129000.0,100392000.0,39737000.0,-105340000.0,-186212000.0,3546000.0,-203693000.0,98721000.0,45447000.0,47942000.0,221734000.0,428519000.0,69701000.0,139122000.0,6792000.0,7188000.0,13980000.0,289397000.0,-97570000.0,-36210000.0,197315000.0,-8580000.0,1.0,Operating Cash Deficit / Restructuring Plan,2024.0,3.1812169122394227,2.4933932081318777,1.4163498371615901,-1.453610601659899,-0.7517359004916898,-0.47534181681559046,-0.7038531843799348,False,0.048307342508733676,False,0.03262399100156586,0.324657716460647,-29.70671178793006,0.3270076706050373,2.094030286596304,3.083349836072788,-1.3998364442403983,-6.97925608011445,-88990000.0,0.47900516954436334
Blink Charging Co.,BLNK,Engineering & Construction,2024,122989000.0,86392000.0,36597000.0,-73298000.0,-187480000.0,431000.0,-201318000.0,41774000.0,42072000.0,36608000.0,139480000.0,215026000.0,59468000.0,99510000.0,265000.0,7259000.0,7524000.0,115516000.0,-48291000.0,5277000.0,-12419000.0,-8617000.0,1.0,Operating Cash Deficit / Restructuring Plan,2024.0,2.345463106208381,1.7298715275442256,0.7024618282101298,-1.636878094788965,-0.595971997495711,-0.9362495698194637,-1.7427715641123307,False,0.06513383427403996,False,0.034991117353250306,0.4627812450587371,-170.06496519721577,0.5719726916744952,2.043571850975754,2.810566848341503,-0.8120501782471246,-6.4182615629984054,-39674000.0,0.23987422883199713
Blink Charging Co.,BLNK,Engineering & Construction,2025,103210000.0,78017000.0,25193000.0,-74679000.0,-65083000.0,,-83385000.0,39568000.0,29532000.0,14153000.0,89318000.0,147453000.0,63472000.0,82963000.0,265000.0,4868000.0,5133000.0,64490000.0,-30857000.0,8544000.0,19267000.0,-9913000.0,0.0,,,1.4072031762036803,1.1842229644567683,0.6233929921855307,-0.8079158996221296,-0.7235636081775022,-0.5655022278285284,-1.2929911614203753,False,0.07959373546286246,False,0.034811092348070234,0.562640298942714,,0.6999518490637695,3.0738953133311004,2.8827998435841575,-0.4861513738341316,-6.011494252873563,-20944000.0,0.37005456616897525
"Beyond Meat, Inc.",BYND,Packaged Foods,2023,343376000.0,426031000.0,-82655000.0,-325890000.0,-282188000.0,3955000.0,-338144000.0,190505000.0,31730000.0,130336000.0,372844000.0,774450000.0,74354000.0,1287818000.0,3677000.0,1137542000.0,1141219000.0,-513368000.0,-107825000.0,-9491000.0,-550000.0,-10564000.0,1.0,Balance Sheet Restructuring / Going Concern Evaluation,2024.0,5.014444414557388,3.261532668047449,2.5621351911127848,-0.984763058571362,-0.9490762313032943,-0.43662470140099424,0.6586775957987253,True,-2.223003771173895,True,1.4735864161663115,1.662880754083543,-82.39949431099873,0.44338046355478083,3.2687131721090106,10.821809013551844,-1.4501573553541167,-0.09448230357188235,-97261000.0,0.31887302451026783
"Beyond Meat, Inc.",BYND,Packaged Foods,2024,326452000.0,284753000.0,41699000.0,-156124000.0,-133013000.0,4097000.0,-160278000.0,131913000.0,26862000.0,113444000.0,286456000.0,678146000.0,61453000.0,1279354000.0,4976000.0,1141476000.0,1146452000.0,-601208000.0,-98813000.0,-6232000.0,45777000.0,-11015000.0,1.0,Balance Sheet Restructuring / Going Concern Evaluation,2024.0,4.661383496330529,2.8153548240118464,2.1465672953313915,-0.490969575925404,-0.47824488745665517,-0.2363473352345955,0.2665932589054038,True,-1.9069140796529653,True,1.6905681077526078,1.886546554871665,-38.10690749328777,0.4813889634385516,2.336147345967676,11.143227744401965,-1.607944282622492,-0.08619026352607873,-87798000.0,0.6165100637642097
"Beyond Meat, Inc.",BYND,Packaged Foods,2025,275496000.0,267850000.0,7646000.0,-233346000.0,265903000.0,14028000.0,178012000.0,203890000.0,26060000.0,84032000.0,341484000.0,614747000.0,74917000.0,615744000.0,6517000.0,420806000.0,427323000.0,-997000.0,-144931000.0,-10250000.0,223410000.0,-12308000.0,0.0,,,4.558164368567882,3.4364963893375333,2.7215451766621728,0.6461509423004327,-0.8470032232772889,0.28956953022950904,-178.54764292878636,True,-428.60882647943833,True,0.695120106320161,1.001621805393113,-16.634302822925576,0.44814533458479666,2.7127347120662764,10.411397906352745,-1.9345542400256284,-0.33916030730852303,-132623000.0,-0.8141642136485181
Carnival Corporation Ltd.,CCL,Travel Services,2023,21593000000.0,14317000000.0,7276000000.0,1956000000.0,4374000000.0,2066000000.0,-74000000.0,2415000000.0,556000000.0,528000000.0,5266000000.0,49120000000.0,11481000000.0,42237000000.0,2089000000.0,28483000000.0,30572000000.0,6883000000.0,4281000000.0,-2810000000.0,-5089000000.0,-3284000000.0,1.0,Post-Pandemic Distressed Debt Refinancing,2023.0,0.4586708474871527,0.41268182214092847,0.21034753070290044,-0.003427036539619321,0.09058491177696476,-0.001506514657980456,-0.010751125962516345,False,4.44166787737905,False,0.6223941368078176,0.8598737785016287,0.9467570183930301,0.4395969055374593,27.115530303030305,38.8363309352518,0.37287692709694276,0.1400300928954599,7565000000.0,-57.851351351351354
Carnival Corporation Ltd.,CCL,Travel Services,2024,25021000000.0,15638000000.0,9383000000.0,3574000000.0,6227000000.0,1755000000.0,1916000000.0,1210000000.0,590000000.0,507000000.0,3378000000.0,49057000000.0,11617000000.0,39805000000.0,1538000000.0,25936000000.0,27474000000.0,9252000000.0,5923000000.0,-4535000000.0,-2584000000.0,-4626000000.0,0.0,,,0.2907807523457003,0.24713781527072393,0.10415769992252732,0.07657567643179729,0.14284001438791416,0.03905660761970769,0.20709035884133162,False,2.969520103761349,False,0.5600423996575412,0.8114030617445013,2.0364672364672365,0.5100393419899301,30.218357487922706,43.666666666666664,0.5098562451579581,0.21558564460944893,10549000000.0,3.0913361169102296
Carnival Corporation Ltd.,CCL,Travel Services,2025,26621000000.0,15947000000.0,10674000000.0,4482000000.0,6911000000.0,1349000000.0,2760000000.0,1928000000.0,678000000.0,505000000.0,4219000000.0,51687000000.0,13092000000.0,39403000000.0,2603000000.0,24037000000.0,26640000000.0,12284000000.0,6218000000.0,-3321000000.0,-2189000000.0,-3611000000.0,0.0,,,0.3222578673999389,0.2836846929422548,0.14726550565230676,0.10367754780060855,0.1683633221892491,0.053398340008125836,0.22468251383914034,False,2.1686746987951806,False,0.515410064426258,0.7623386925145588,3.322461082283173,0.5150424671580862,31.515810276679844,41.988958990536275,0.474946532233425,0.2334084084084084,9829000000.0,2.2528985507246375
"ChargePoint Holdings, Inc.",CHPT,Specialty Retail,2023,468094000.0,382161000.0,85933000.0,-341782000.0,-312791000.0,9434000.0,-345108000.0,264162000.0,164892000.0,68730000.0,704170000.0,1079957000.0,284336000.0,724965000.0,0.0,294936000.0,294936000.0,354992000.0,-267049000.0,-126154000.0,372859000.0,-18563000.0,1.0,Restructuring / Severe Cash Burn,2024.0,2.476541837825671,2.234820775420629,0.9290487310787238,-0.7372621738368789,-0.730156763385132,-0.31955716755389335,-0.9721571190336684,False,0.8308243566052192,False,0.27309976230535105,0.6712906162004598,-36.22874708501166,0.4334376276092474,5.5603230030554345,2.8387914513742327,-0.9392022114681222,-0.9054472834784496,-248486000.0,0.7738128354022509
"ChargePoint Holdings, Inc.",CHPT,Specialty Retail,2024,506639000.0,476521000.0,30118000.0,-449951000.0,-412871000.0,16273000.0,-457609000.0,327410000.0,124049000.0,198580000.0,742683000.0,1103363000.0,330153000.0,775687000.0,0.0,283704000.0,283704000.0,327676000.0,-328941000.0,85576000.0,306524000.0,-19424000.0,1.0,Restructuring / Severe Cash Burn,2024.0,2.2495115900809624,1.6480328817245338,0.9916917308035971,-0.9032249787323913,-0.8881096796732979,-0.41474020789169114,-1.3965288882920934,False,0.8658064673641036,False,0.2571266210666843,0.7030206740664677,-27.650156701284335,0.4591770795286773,3.565306198795406,3.5068681841621645,-0.9963289747480714,-1.1594514000507572,-309517000.0,0.7188254601635894
"ChargePoint Holdings, Inc.",CHPT,Specialty Retail,2025,417083000.0,316402000.0,100681000.0,-252999000.0,-218849000.0,24653000.0,-277066000.0,224571000.0,95906000.0,209262000.0,566574000.0,898175000.0,293746000.0,760704000.0,0.0,297092000.0,297092000.0,137471000.0,-146947000.0,-12073000.0,28538000.0,-12073000.0,0.0,,,1.928788817549856,1.216397840311017,0.7645074315905578,-0.6642946367989105,-0.6065914937794156,-0.30847663317282265,-2.015450531384801,False,2.1611248917953603,False,0.33077295627244135,0.8469440810532468,-10.262402141727174,0.4643671890221839,1.5515910573212175,3.7924393625968946,-0.5002519183239942,-0.494617828820702,-134874000.0,0.5303682155154368
"Clover Health Investments, Corp",CLOV,Healthcare Plans,2023,1260543000.0,1004590000.0,255953000.0,-179563000.0,-207632000.0,7000.0,-213361000.0,116407000.0,86240000.0,0.0,427970000.0,570671000.0,261115000.0,284277000.0,1665000.0,2998000.0,4663000.0,286394000.0,-144662000.0,140013000.0,-5070000.0,-584000.0,1.0,Major Operating Deficits & Restructuring,2023.0,1.6390096317714418,1.6390096317714418,0.44580740286846793,-0.16926118347410601,-0.14244892875530624,-0.3738774179868961,-0.7449911660160479,False,0.01628176567944859,False,0.008171082813039387,0.4981451659537632,-25651.85714285714,2.208878670897943,,14.61668599257885,-0.5540164295425387,-31.02337550932876,-144078000.0,0.6780151949044109
"Clover Health Investments, Corp",CLOV,Healthcare Plans,2024,1371131000.0,1006327000.0,364804000.0,-45461000.0,-44935000.0,0.0,-43009000.0,194543000.0,92792000.0,0.0,343124000.0,580742000.0,213516000.0,239599000.0,0.0,0.0,0.0,341143000.0,34845000.0,565000.0,-17361000.0,-1556000.0,0.0,,,1.6070177410592181,1.6070177410592181,0.9111401487476348,-0.031367535268329576,-0.033155839959857956,-0.0740587042094424,-0.12607323028759201,False,0.0,False,0.0,0.41257391406166594,,2.360998515691994,,15.317161177889986,0.16319620075310515,,36401000.0,-0.8101792648050408
"Clover Health Investments, Corp",CLOV,Healthcare Plans,2025,1924308000.0,1568406000.0,355902000.0,-85529000.0,-83863000.0,0.0,-85549000.0,78301000.0,158741000.0,0.0,307855000.0,541011000.0,208823000.0,232307000.0,0.0,0.0,0.0,308704000.0,-66934000.0,4076000.0,-53384000.0,-2043000.0,0.0,,,1.4742389487747998,1.4742389487747998,0.3749634858229218,-0.04445702039382469,-0.044446627047229445,-0.15812802327494266,-0.2771230693479838,False,0.0,False,0.0,0.4293942267347614,,3.556874074649129,,15.300640472621883,-0.3205298266953353,,-64891000.0,0.7824054050894809
Costco Wholesale Corporation,COST,Discount Stores,2023,242290000000.0,212586000000.0,29704000000.0,8114000000.0,10724000000.0,160000000.0,6292000000.0,13700000000.0,2285000000.0,16651000000.0,35879000000.0,68994000000.0,33583000000.0,43936000000.0,1081000000.0,5377000000.0,6458000000.0,25058000000.0,11068000000.0,-4972000000.0,-2614000000.0,-4323000000.0,0.0,,,1.0683679242473871,0.5725515886013757,0.40794449572700475,0.025968880267448098,0.033488794419910026,0.09119633591326783,0.2510974539069359,False,0.257722084763349,False,0.09360234223265791,0.6368089978838739,50.7125,3.5117546453314783,12.767161131463576,106.03501094091904,0.3295715093946342,1.7138432951378135,15391000000.0,1.7590591226954864
Costco Wholesale Corporation,COST,Discount Stores,2024,254453000000.0,222358000000.0,32095000000.0,9285000000.0,12146000000.0,169000000.0,7367000000.0,9906000000.0,2721000000.0,18647000000.0,34246000000.0,69831000000.0,35464000000.0,46209000000.0,103000000.0,5794000000.0,5897000000.0,23622000000.0,11339000000.0,-4409000000.0,-10764000000.0,-4710000000.0,0.0,,,0.965655312429506,0.4398545003383713,0.2793255131964809,0.028952301603832536,0.036490039417888566,0.1054975583909725,0.3118702904072475,False,0.24964016594699856,False,0.08444673569045266,0.6617261674614426,54.94082840236686,3.6438401283097765,12.598900787580034,101.65920894926089,0.31973268666817056,1.9228421231134476,16049000000.0,1.5391611239310439
Costco Wholesale Corporation,COST,Discount Stores,2025,275235000000.0,239886000000.0,35349000000.0,10383000000.0,13398000000.0,154000000.0,8099000000.0,14161000000.0,3203000000.0,18116000000.0,38380000000.0,77099000000.0,37108000000.0,47935000000.0,0.0,5713000000.0,5713000000.0,29164000000.0,13335000000.0,-5311000000.0,-3775000000.0,-5498000000.0,0.0,,,1.0342783227336423,0.5460817074485286,0.3816158240810607,0.029425763438516175,0.03772412665540356,0.10504675806430692,0.27770539020710466,False,0.19589219585790701,False,0.07409953436490746,0.6217330964085137,67.42207792207792,3.569890660060442,13.050403938742758,92.92201215395004,0.3593564729977363,2.334150183791353,18833000000.0,1.6464995678478824
"Cisco Systems, Inc.",CSCO,Communication Equipment,2023,56998000000.0,21245000000.0,35753000000.0,15562000000.0,17471000000.0,427000000.0,12613000000.0,10123000000.0,9206000000.0,3644000000.0,43348000000.0,101852000000.0,31309000000.0,57499000000.0,1733000000.0,6658000000.0,8391000000.0,44353000000.0,19886000000.0,-5107000000.0,-11626000000.0,-849000000.0,0.0,,,1.3845220224216679,1.2681337634545977,0.32332556134018975,0.2212884662619741,0.2730271237587284,0.12383654714684052,0.28437760692625075,False,0.18918675174170857,False,0.08238424380473629,0.5645348152220869,36.44496487119438,0.5596159132859443,5.8301317233809,6.191396915055399,0.6351528314542144,2.3699201525443927,20735000000.0,1.5766272893046855
"Cisco Systems, Inc.",CSCO,Communication Equipment,2024,53803000000.0,18975000000.0,34828000000.0,12970000000.0,15747000000.0,1006000000.0,10320000000.0,7508000000.0,10023000000.0,3373000000.0,36862000000.0,124413000000.0,40584000000.0,78956000000.0,11341000000.0,19632000000.0,30973000000.0,45457000000.0,10880000000.0,-20478000000.0,6844000000.0,-670000000.0,0.0,,,0.9082889808791642,0.8251774098166765,0.18499901438990735,0.1918108655651172,0.24106462464918313,0.08294953099756457,0.22702774050201288,False,0.6813692060628727,False,0.2489530836809658,0.6346282140933825,12.892644135188867,0.4324548077773223,5.408294142796067,5.596026834468771,0.26808594520007883,0.35127368998805414,11550000000.0,1.054263565891473
"Cisco Systems, Inc.",CSCO,Communication Equipment,2025,56654000000.0,19864000000.0,36790000000.0,12504000000.0,15504000000.0,1593000000.0,10180000000.0,8346000000.0,9762000000.0,3164000000.0,34986000000.0,122291000000.0,35064000000.0,75448000000.0,5232000000.0,22861000000.0,28093000000.0,46843000000.0,14193000000.0,1733000000.0,-15815000000.0,-905000000.0,0.0,,,0.9977754962354551,0.9075404973762263,0.23802190280629706,0.17968722420305716,0.22070815829420695,0.08324406538502424,0.21732169160813783,False,0.599726746792477,False,0.22972254703943873,0.6169546409793034,7.849340866290019,0.4632720314659296,6.077405537708429,5.726964872378065,0.4047741273100616,0.5052148221977005,15098000000.0,1.394204322200393
Carvana Co.,CVNA,Auto & Truck Dealerships,2023,10771000000.0,9047000000.0,1724000000.0,-80000000.0,1159000000.0,632000000.0,450000000.0,530000000.0,266000000.0,1150000000.0,3321000000.0,7071000000.0,1536000000.0,7455000000.0,857000000.0,5416000000.0,6273000000.0,243000000.0,803000000.0,31000000.0,-868000000.0,-87000000.0,1.0,Out-of-Court Distressed Debt Exchange,2023.0,2.162109375,1.4134114583333333,0.3450520833333333,0.04177885061739857,-0.007427351220870857,0.06364022061943148,1.8518518518518519,False,25.814814814814813,False,0.8871446754348749,1.0543063215952482,-0.12658227848101267,1.5232640362042145,7.86695652173913,40.49248120300752,0.5227864583333334,0.128008927148095,890000000.0,1.7844444444444445
Carvana Co.,CVNA,Auto & Truck Dealerships,2024,13673000000.0,10797000000.0,2876000000.0,990000000.0,1356000000.0,651000000.0,210000000.0,1716000000.0,307000000.0,1608000000.0,4869000000.0,8484000000.0,1338000000.0,7109000000.0,376000000.0,5256000000.0,5632000000.0,1260000000.0,918000000.0,-13000000.0,261000000.0,-91000000.0,0.0,,,3.6390134529147984,2.437219730941704,1.2825112107623318,0.015358736195421633,0.07240547063555913,0.024752475247524754,0.16666666666666666,False,4.46984126984127,False,0.6638378123526638,0.8379302215935879,1.5207373271889402,1.6116218764733616,7.829586656997824,47.724258289703315,0.6860986547085202,0.1629971590909091,1009000000.0,4.371428571428571
Carvana Co.,CVNA,Auto & Truck Dealerships,2025,20322000000.0,16130000000.0,4192000000.0,1881000000.0,-110000000.0,505000000.0,1407000000.0,2327000000.0,250000000.0,2408000000.0,6549000000.0,13201000000.0,1519000000.0,8998000000.0,285000000.0,4830000000.0,5115000000.0,3441000000.0,1036000000.0,-230000000.0,-137000000.0,-147000000.0,0.0,,,4.311389071757735,2.726135615536537,1.531928900592495,0.06923531148509005,0.09255978742249779,0.10658283463373987,0.40889276373147343,False,1.4864864864864864,False,0.38747064616316945,0.6816150291644573,3.724752475247525,1.5394288311491553,8.032868525896415,72.96947935368043,0.6820276497695853,0.20254154447702835,1183000000.0,0.736318407960199
Chevron Corporation,CVX,Oil & Gas Integrated,2023,196913000000.0,136522000000.0,60391000000.0,26229000000.0,47815000000.0,469000000.0,21369000000.0,8178000000.0,19921000000.0,8612000000.0,41128000000.0,261632000000.0,32258000000.0,99703000000.0,469000000.0,19733000000.0,20202000000.0,160957000000.0,35609000000.0,-15232000000.0,-30109000000.0,-15829000000.0,0.0,,,1.2749705499411,1.007998015996032,0.25351850703701406,0.10852000629719724,0.1332009567677096,0.08167578889432485,0.13276216629286083,False,0.12551178265002455,False,0.07721532534246575,0.38108106042074363,55.92537313432836,0.7526334699119374,15.852531351602416,9.884694543446614,1.1038812077624156,1.7626472626472627,51438000000.0,1.666385886096682
Chevron Corporation,CVX,Oil & Gas Integrated,2024,193414000000.0,136488000000.0,56926000000.0,18917000000.0,45811000000.0,594000000.0,17661000000.0,6781000000.0,20684000000.0,9074000000.0,40911000000.0,256938000000.0,38558000000.0,103781000000.0,4348000000.0,19589000000.0,23937000000.0,152318000000.0,31492000000.0,-8936000000.0,-23472000000.0,-16448000000.0,0.0,,,1.0610249494268376,0.8256911665542819,0.1758649307536698,0.09131190089652248,0.09780574312097366,0.06873642668659365,0.11594821360574588,False,0.15715148570753293,False,0.09316255283375756,0.40391456304633805,31.846801346801346,0.752765258544863,15.434581024539183,9.526610023396133,0.8167436070335599,1.3156201696118979,47940000000.0,1.7831379876564182
Chevron Corporation,CVX,Oil & Gas Integrated,2025,184432000000.0,128346000000.0,56086000000.0,16674000000.0,41417000000.0,1217000000.0,12299000000.0,6293000000.0,18075000000.0,9711000000.0,38552000000.0,324012000000.0,33387000000.0,131836000000.0,191000000.0,39122000000.0,39313000000.0,186450000000.0,33939000000.0,-15911000000.0,-19063000000.0,-17347000000.0,0.0,,,1.1547009315002845,0.8638392188576391,0.18848653667595172,0.06668582458575519,0.0904073045892253,0.03795847067392566,0.06596406543309198,False,0.2108500938589434,False,0.12133192597805019,0.40688616470994904,13.700903861955629,0.5692134859202745,13.664732499334576,9.516860600118681,1.0165333812561776,0.8633022155521074,51286000000.0,2.759492641678185
fuboTV Inc.,FUBO,Broadcasting,2023,1368225000.0,1282077000.0,86148000.0,-289350000.0,-238073000.0,16286000.0,-287454000.0,245278000.0,80299000.0,0.0,386754000.0,1232640000.0,517345000.0,948815000.0,7935000.0,391748000.0,399683000.0,295576000.0,-177622000.0,-25417000.0,111233000.0,-21945000.0,1.0,Going Concern Warning / Legal Liquidity Injunction,2023.0,0.7475746358812785,0.7475746358812785,0.4741091534662556,-0.210092638272214,-0.2114783752672258,-0.23320190809968847,-0.9725214496440848,False,1.3522173654153247,False,0.32424957814122535,0.7697421793873312,-17.766793565025175,1.1099956191588785,,17.039128756273428,-0.3433337521383216,-0.44440719270021495,-155677000.0,0.6179145184968725
fuboTV Inc.,FUBO,Broadcasting,2024,1622796000.0,1418885000.0,203911000.0,-192208000.0,-113731000.0,20852000.0,-172254000.0,161435000.0,71078000.0,0.0,274033000.0,1077428000.0,515322000.0,896646000.0,8066000.0,332383000.0,340449000.0,196370000.0,-79478000.0,-15835000.0,11465000.0,-15835000.0,0.0,,,0.531770427033971,0.531770427033971,0.3132701495375707,-0.1061464287562947,-0.11844249061496331,-0.15987518423504865,-0.8771910169577838,False,1.733711870448643,False,0.31598306336943166,0.8322096696948659,-9.217724918473047,1.5061758187089995,,21.44045660833548,-0.15422978254372993,-0.23345053150398445,-63643000.0,0.4614000255436739
GameStop Corporation,GME,Specialty Retail,2023,5927200000.0,4555100000.0,1372100000.0,-308900000.0,-247200000.0,,-313100000.0,1139000000.0,153900000.0,682900000.0,2323700000.0,3113400000.0,1339100000.0,1791100000.0,10800000.0,28700000.0,39500000.0,1322300000.0,108200000.0,-222700000.0,-7900000.0,-55900000.0,,,,1.7352699574340975,1.2253005750130685,0.8505712792173848,-0.05282426778242678,-0.05211567013092185,-0.10056529838761483,-0.23678439083415262,False,0.029872192392044167,False,0.012687094494764566,0.5752874670777928,,1.9037707971992035,6.6702299018890026,38.513320337881744,0.08080053767455754,2.739240506329114,164100000.0,-0.3455764931331843
GameStop Corporation,GME,Specialty Retail,2024,5272800000.0,3978600000.0,1294200000.0,-29700000.0,26500000.0,,6700000.0,921700000.0,91000000.0,632500000.0,1974200000.0,2709000000.0,934500000.0,1370400000.0,10800000.0,17700000.0,28500000.0,1338600000.0,-203700000.0,-33200000.0,-11600000.0,-34900000.0,,,,2.1125735687533442,1.435741037988229,0.9863028357410379,0.0012706721286602943,-0.005632680928538917,0.0024732373569582872,0.005005229344090841,False,0.021290900941281936,False,0.010520487264673311,0.5058693244739756,,1.9464008859357698,6.04926258172419,43.060841159657,-0.21797752808988763,-7.147368421052631,-168800000.0,-30.402985074626866
GameStop Corporation,GME,Specialty Retail,2025,3823000000.0,2709100000.0,1113900000.0,-16500000.0,22400000.0,,131300000.0,4756900000.0,60900000.0,480200000.0,5355000000.0,5875400000.0,665400000.0,945600000.0,10300000.0,6600000.0,16900000.0,4929800000.0,145700000.0,265100000.0,3443000000.0,-16100000.0,,,,8.047790802524798,7.326119627291854,7.148932972648031,0.0343447554276746,-0.004315982212921789,0.022347414644109338,0.026633940524970586,False,0.0034281309586595807,False,0.0028763999046873406,0.16094223372025734,,0.6506791026993907,4.869416734070279,50.335747202106646,0.21896603546738805,8.621301775147929,161800000.0,1.1096725057121097
Alphabet Inc.,GOOGL,Internet Content & Information,2023,307394000000.0,133332000000.0,174062000000.0,84293000000.0,97971000000.0,308000000.0,73795000000.0,24048000000.0,47964000000.0,0.0,171530000000.0,402392000000.0,81814000000.0,,2791000000.0,11870000000.0,14661000000.0,283379000000.0,101746000000.0,-27063000000.0,-72093000000.0,-32251000000.0,0.0,,,2.096584936563424,2.096584936563424,0.29393502334563765,0.24006649446638517,0.27421810445226646,0.18339082287918249,0.26041096905557576,False,0.051736367197287025,False,0.03643462096661961,,273.67857142857144,0.7639167776695361,,6.408848302893837,1.2436257853179162,6.939908601050406,133997000000.0,1.3787654990175486
Alphabet Inc.,GOOGL,Internet Content & Information,2024,350018000000.0,146306000000.0,203712000000.0,112390000000.0,135394000000.0,268000000.0,100118000000.0,23466000000.0,52340000000.0,0.0,163711000000.0,450256000000.0,89122000000.0,,2887000000.0,10883000000.0,13770000000.0,325084000000.0,125299000000.0,-45536000000.0,-79733000000.0,-52535000000.0,0.0,,,1.8369313974102914,1.8369313974102914,0.2633019905298355,0.28603671811164,0.32109777211457696,0.22235794747876764,0.30797578472025694,False,0.04235828278229627,False,0.03058260189758715,,419.36567164179104,0.7773755374720159,,6.979143404051683,1.405926707210341,9.099419026870008,177834000000.0,1.2515132144069998
Alphabet Inc.,GOOGL,Internet Content & Information,2025,402836000000.0,162535000000.0,240301000000.0,129039000000.0,180698000000.0,736000000.0,132170000000.0,30708000000.0,62886000000.0,0.0,206038000000.0,595281000000.0,102745000000.0,,0.0,46547000000.0,46547000000.0,415265000000.0,164713000000.0,-120291000000.0,-37388000000.0,-91447000000.0,0.0,,,2.005333592875566,2.005333592875566,0.2988758577059711,0.3280987796522654,0.32032638592380025,0.22202959610671263,0.3182786895115167,False,0.11208987032376916,False,0.07819332382521868,,175.32472826086956,0.6767157023321759,,6.99210247687154,1.603124239622366,3.5386383655230196,256160000000.0,1.2462207762729818
"GoPro, Inc.",GPRO,Consumer Electronics,2023,1005459000.0,681886000.0,323573000.0,-74500000.0,-56874000.0,4699000.0,-53183000.0,222708000.0,91452000.0,106266000.0,482591000.0,967951000.0,279094000.0,412105000.0,10520000.0,92615000.0,103135000.0,555846000.0,-32863000.0,121902000.0,-90382000.0,-1520000.0,1.0,Operational Restructuring & Workforce Reductions,2024.0,1.7291342701742065,1.3483808322643984,0.7979677098038653,-0.05289425028767956,-0.07409551259673443,-0.05494389695346149,-0.09567937882075252,False,0.18554599655300208,False,0.10654981502162816,0.4257498571725222,-15.854437114279634,1.0387498953975975,6.416784296011895,10.994390499934392,-0.11774885880742689,-0.3186406166674747,-31343000.0,0.617923020514074
"GoPro, Inc.",GPRO,Consumer Electronics,2024,801473000.0,530178000.0,271295000.0,-127172000.0,-123269000.0,3329000.0,-432311000.0,102811000.0,85944000.0,120716000.0,339245000.0,543678000.0,356267000.0,391989000.0,93208000.0,18067000.0,111275000.0,151689000.0,-125141000.0,7653000.0,-929000.0,-4039000.0,1.0,Operational Restructuring & Workforce Reductions,2024.0,0.9522212273379235,0.613385466518089,0.2885785099377714,-0.5393955878738274,-0.1586728436266724,-0.7951600027957725,-2.8499825300450263,False,0.7335732979978772,False,0.20467077939515668,0.720994779998455,-38.201261640132174,1.4741685335805386,4.671542236829352,9.035976008478206,-0.3512562207557815,-1.1246101999550662,-121102000.0,0.2894698492520431
"GoPro, Inc.",GPRO,Consumer Electronics,2025,651542000.0,432376000.0,219166000.0,-62119000.0,-75931000.0,8452000.0,-93487000.0,49674000.0,93513000.0,78431000.0,252569000.0,427983000.0,277171000.0,351433000.0,19598000.0,44322000.0,63920000.0,76550000.0,-20669000.0,-3362000.0,-30112000.0,-3362000.0,0.0,,,0.911238910275606,0.6282691912213039,0.1792178835448153,-0.1434857614704808,-0.09534151290323571,-0.21843624629950256,-1.221254082299151,False,0.8350097975179621,False,0.149351726587271,0.8211377554715958,-7.349621391386654,1.5223548598892946,4.342279823447002,7.261260357634419,-0.07457129353359479,-0.3233573216520651,-17307000.0,0.2210895632547841
"Home Depot, Inc. (The)",HD,Home Improvement Retail,2023,157403000000.0,104625000000.0,52778000000.0,24039000000.0,27069000000.0,1617000000.0,17105000000.0,2757000000.0,3317000000.0,24886000000.0,32471000000.0,76445000000.0,23110000000.0,74883000000.0,1231000000.0,41962000000.0,43193000000.0,1562000000.0,14615000000.0,-3140000000.0,-10993000000.0,-3119000000.0,0.0,,,1.4050627434011251,0.328212894850714,0.11929900475984423,0.10867010158637383,0.15272262917479337,0.2237556413107463,10.950704225352112,False,27.65236875800256,False,0.565020603047943,0.9795670089606907,14.866419294990724,2.059035908169272,4.204171019850518,47.45342176665662,0.6324102120294245,0.33836501284930426,17734000000.0,0.8544285296696872
"Home Depot, Inc. (The)",HD,Home Improvement Retail,2024,152669000000.0,101709000000.0,50960000000.0,21689000000.0,25114000000.0,1943000000.0,15143000000.0,3760000000.0,3328000000.0,20976000000.0,29775000000.0,76530000000.0,22015000000.0,75486000000.0,1368000000.0,42743000000.0,44111000000.0,1044000000.0,21172000000.0,-4729000000.0,-15443000000.0,-3226000000.0,0.0,,,1.3524869407222349,0.3996820349761526,0.1707926413808767,0.09918844035134834,0.1420655142825328,0.19787011629426368,14.504789272030651,False,42.25191570881226,False,0.5763883444400889,0.986358290866327,11.162635100360268,1.994890892460473,4.435436745017662,45.95003762227238,0.9617079264138088,0.4799709822946657,24398000000.0,1.3981377534174206
"Home Depot, Inc. (The)",HD,Home Improvement Retail,2025,159514000000.0,106206000000.0,53308000000.0,21526000000.0,25488000000.0,2321000000.0,14806000000.0,1659000000.0,4903000000.0,23451000000.0,31683000000.0,96119000000.0,28661000000.0,89479000000.0,4898000000.0,48485000000.0,53383000000.0,6640000000.0,19810000000.0,-21031000000.0,-694000000.0,-3485000000.0,0.0,,,1.1054394473326123,0.28721956665852555,0.05788353511740693,0.09281943904610254,0.13494740273581002,0.15403822345217907,2.2298192771084335,False,8.039608433734939,False,0.5553844713324109,0.9309189650329279,9.274450667815596,1.65954701983999,4.781146600040516,38.75932450492042,0.6911831408534245,0.37109192064889573,23295000000.0,1.3379710928002162
Johnson & Johnson,JNJ,Drug Manufacturers - General,2023,85159000000.0,26553000000.0,58606000000.0,22009000000.0,23320000000.0,772000000.0,35153000000.0,21859000000.0,19387000000.0,11181000000.0,53495000000.0,167558000000.0,46282000000.0,98784000000.0,3451000000.0,25881000000.0,29332000000.0,68774000000.0,22791000000.0,878000000.0,-15825000000.0,-5013000000.0,0.0,,,1.1558489261483946,0.9142647249470637,0.4723002463160624,0.41279254101151963,0.2584459657816555,0.20979601093352748,0.511137930031698,False,0.4264983860179719,False,0.1750558015731866,0.5895510808197758,28.509067357512954,0.5082359541173802,2.3748323048027906,4.392582658482488,0.4924376647508751,0.777001227328515,27804000000.0,0.6483372685119335
Johnson & Johnson,JNJ,Drug Manufacturers - General,2024,88821000000.0,27471000000.0,61350000000.0,21249000000.0,24781000000.0,755000000.0,14066000000.0,24105000000.0,18927000000.0,12444000000.0,55893000000.0,180104000000.0,50321000000.0,108614000000.0,5983000000.0,30651000000.0,36634000000.0,71490000000.0,24266000000.0,-18599000000.0,-3132000000.0,-6207000000.0,0.0,,,1.1107291190556627,0.863436736153892,0.47902466167206537,0.1583634500850024,0.23923396494072346,0.07809932039266201,0.19675479087984332,False,0.512435305637152,False,0.20340469950695153,0.6030626748989473,28.144370860927154,0.49316506018744727,2.3255873015873014,4.636477527796628,0.48222412114226665,0.6623901293880002,30473000000.0,1.7251528508460117
Johnson & Johnson,JNJ,Drug Manufacturers - General,2025,94193000000.0,30256000000.0,63937000000.0,25596000000.0,41055000000.0,971000000.0,26804000000.0,19709000000.0,21331000000.0,14191000000.0,55624000000.0,199210000000.0,54126000000.0,117666000000.0,8495000000.0,39438000000.0,47933000000.0,81544000000.0,24530000000.0,-23588000000.0,-5539000000.0,-5217000000.0,0.0,,,1.027676163027011,0.7654916306396187,0.36413184052026754,0.2845646704107524,0.27173993821196907,0.13455147833944078,0.3287059746885117,False,0.5878176199352497,False,0.24061543095226143,0.5906631193213192,26.360453141091657,0.472832689122032,2.271897878730993,4.679467435043966,0.4532017884196135,0.511755992739866,29747000000.0,0.9151619161319207
JP Morgan Chase & Co.,JPM,Banks - Diversified,2023,154952000000.0,,,,,81321000000.0,49552000000.0,624151000000.0,107363000000.0,0.0,,3875393000000.0,,3547515000000.0,44712000000.0,391825000000.0,436537000000.0,327878000000.0,12974000000.0,67643000000.0,-25571000000.0,,0.0,,,,,,0.319789354122567,,0.012786316123293819,0.15112938349020064,False,1.3314007039203606,False,0.11264328546808026,0.9153949031749812,,0.03998355779658992,,1.4432532622970669,,0.029720275715460546,,0.26182596060703905
JP Morgan Chase & Co.,JPM,Banks - Diversified,2024,169439000000.0,,,,,101350000000.0,58471000000.0,469317000000.0,101223000000.0,0.0,,4002814000000.0,,3658056000000.0,52893000000.0,401418000000.0,454311000000.0,344758000000.0,-42012000000.0,-163403000000.0,63447000000.0,,0.0,,,,,,0.34508584210246757,,0.014607473642292647,0.16960012530528662,False,1.3177678255471954,False,0.11349790422437815,0.9138710916869982,,0.04232997086549612,,1.624644031718332,,-0.09247409813982052,,-0.7185100306134665
JP Morgan Chase & Co.,JPM,Banks - Diversified,2025,181847000000.0,,,,,97898000000.0,57048000000.0,343338000000.0,111599000000.0,0.0,,4424900000000.0,,4062462000000.0,66012000000.0,433970000000.0,499982000000.0,362438000000.0,-147782000000.0,-265565000000.0,269533000000.0,,0.0,,,,,,0.3137142762872085,,0.01289249474564397,0.1574007140531622,False,1.379496631147948,False,0.1129928359962937,0.9180912562995774,,0.041096295961490656,,1.7089116726654199,,-0.29557464068706474,,-2.5904852054410323
Coca-Cola Company (The),KO,Beverages - Non-Alcoholic,2023,45754000000.0,18520000000.0,27234000000.0,13098000000.0,15607000000.0,1527000000.0,10714000000.0,9366000000.0,3410000000.0,4424000000.0,26732000000.0,97703000000.0,23571000000.0,70223000000.0,6517000000.0,35547000000.0,42064000000.0,25941000000.0,11599000000.0,-3349000000.0,-8310000000.0,-1852000000.0,0.0,,,1.1341054685842773,0.9464172075855924,0.39735267913962075,0.23416531887922368,0.28627005289155044,0.10965886410857395,0.41301414748853166,False,1.6215257700165762,False,0.43052925703407263,0.7187394450528642,8.577603143418468,0.4682967769669304,4.18625678119349,13.417595307917889,0.4920877349285139,0.2757464815519209,13451000000.0,1.082602202725406
Coca-Cola Company (The),KO,Beverages - Non-Alcoholic,2024,47061000000.0,18324000000.0,28737000000.0,14022000000.0,15817000000.0,1656000000.0,10631000000.0,10828000000.0,3569000000.0,4728000000.0,25997000000.0,100549000000.0,25249000000.0,74177000000.0,2147000000.0,42375000000.0,44522000000.0,24856000000.0,6805000000.0,2524000000.0,-6910000000.0,-2064000000.0,0.0,,,1.0296249356410154,0.8423699948512813,0.42884866727395143,0.22589830220352308,0.29795371964046663,0.1057295447990532,0.4277035725780496,False,1.7911972964274219,False,0.4427890879073884,0.73771991765209,8.467391304347826,0.46804045788620474,4.004370629370629,13.486459378134404,0.2695156243811636,0.15284578410673375,8869000000.0,0.640109114852789
Coca-Cola Company (The),KO,Beverages - Non-Alcoholic,2025,47941000000.0,18397000000.0,29544000000.0,14911000000.0,18702000000.0,1654000000.0,13107000000.0,10270000000.0,3038000000.0,4425000000.0,31044000000.0,104816000000.0,21281000000.0,70541000000.0,3373000000.0,42119000000.0,45492000000.0,32169000000.0,7408000000.0,-67000000.0,-8140000000.0,-2112000000.0,0.0,,,1.4587660354306657,1.2508340773459894,0.48259010384850337,0.2733985523873094,0.31102813875388496,0.1250477026408182,0.4074419472162641,False,1.4141564860580063,False,0.4340177072202717,0.6729983971912685,9.015114873035067,0.45738246069302396,4.019884190975636,14.512184047222643,0.3481039424839058,0.16284181834168646,9520000000.0,0.5651941710536355
Kohl's Corporation,KSS,Department Stores,2023,18098000000.0,11457000000.0,6641000000.0,246000000.0,1054000000.0,304000000.0,-19000000.0,153000000.0,210000000.0,3189000000.0,3736000000.0,14345000000.0,3115000000.0,10582000000.0,360000000.0,1637000000.0,1997000000.0,3763000000.0,282000000.0,-783000000.0,-933000000.0,-826000000.0,1.0,Severe Operating Profit Erosion & Credit Facility Amendments,2024.0,1.1993579454253611,0.17560192616372391,0.04911717495987159,-0.0010498397612995912,0.013592662172615759,-0.0013245033112582781,-0.005049162901939941,False,0.530693595535477,False,0.13921226908330428,0.7376786336702684,0.8092105263157895,1.2616242593238063,3.5926622765757292,86.18095238095238,0.09052969502407705,0.1412118177265899,1108000000.0,-14.842105263157896
Kohl's Corporation,KSS,Department Stores,2024,17476000000.0,10498000000.0,6978000000.0,717000000.0,1466000000.0,344000000.0,317000000.0,183000000.0,167000000.0,2880000000.0,3410000000.0,14009000000.0,2612000000.0,10116000000.0,92000000.0,1638000000.0,1730000000.0,3893000000.0,1168000000.0,-562000000.0,-576000000.0,-577000000.0,1.0,Severe Operating Profit Erosion & Credit Facility Amendments,2024.0,1.3055130168453293,0.2029096477794793,0.07006125574272588,0.018139162279697873,0.041027695124742504,0.022628310371903777,0.08142820446956076,False,0.4443873619316722,False,0.12349204083089442,0.722107216789207,2.0843023255813953,1.2474837604397173,3.45954852529247,92.71087533156499,0.44716692189892804,0.6751445086705202,1745000000.0,3.684542586750789
Kohl's Corporation,KSS,Department Stores,2025,16221000000.0,9661000000.0,6560000000.0,509000000.0,1176000000.0,319000000.0,109000000.0,134000000.0,159000000.0,2945000000.0,3388000000.0,13559000000.0,3131000000.0,9757000000.0,643000000.0,1174000000.0,1817000000.0,3802000000.0,648000000.0,-467000000.0,-230000000.0,-466000000.0,0.0,,,1.082082401788566,0.14148834238262537,0.04279782816991377,0.006719684359780532,0.03137907650576413,0.008038940924846964,0.02866912151499211,False,0.47790636507101525,False,0.13400693266465077,0.7195958404012095,1.5956112852664577,1.1963271627701157,3.3170815450643776,99.51533742331289,0.20696263174704568,0.35663181067694,1114000000.0,5.944954128440367
"Lucid Group, Inc.",LCID,Auto Manufacturers,2023,595271000.0,1936066000.0,-1340795000.0,-3075042000.0,-2568948000.0,24915000.0,-2828420000.0,1369947000.0,51822000.0,696236000.0,4757155000.0,8512718000.0,1008410000.0,3661026000.0,72533000.0,1996960000.0,2069493000.0,4851692000.0,-2489753000.0,-946975000.0,3070915000.0,-910644000.0,1.0,Sustained Operating Deficit / Dilutive Emergency Financing,2024.0,4.7174809849168495,4.027051496910978,1.3585218313979432,-4.751482938023186,-5.1657849954054536,-0.332258157735285,-0.5829760009497718,False,0.4265507785737429,False,0.24310602089720346,0.4300654620533653,-123.42131246237207,0.06992725472639878,2.7807611212290086,11.486839566207403,-2.468988804157039,-1.203073892977652,-1579109000.0,0.8802628322526358
"Lucid Group, Inc.",LCID,Auto Manufacturers,2024,807832000.0,1730943000.0,-923111000.0,-3000516000.0,-2384483000.0,32923000.0,-2713942000.0,1606865000.0,112025000.0,407774000.0,4873936000.0,9647931000.0,1165291000.0,5775119000.0,126417000.0,2002151000.0,2128568000.0,3872812000.0,-2019674000.0,-1294454000.0,3549673000.0,-883841000.0,1.0,Sustained Operating Deficit / Dilutive Emergency Financing,2024.0,4.18259130122862,3.8326581085754547,1.378938823006442,-3.359537626635241,-3.714282177482447,-0.2812978243729148,-0.7007678141877272,False,0.5496182102307058,False,0.22062429758255941,0.5985862668379366,-91.13738116210551,0.08373111291944356,3.1357379009248105,9.86080916953011,-1.733192824796553,-0.9488416625637518,-1135833000.0,0.7441846583309444
"Lucid Group, Inc.",LCID,Auto Manufacturers,2025,1353790000.0,2610176000.0,-1256386000.0,-3501753000.0,-2154040000.0,95101000.0,-2698051000.0,997827000.0,177162000.0,1109529000.0,3299651000.0,8386981000.0,2636130000.0,7669694000.0,671746000.0,2046576000.0,2718322000.0,717287000.0,-2931912000.0,1478429000.0,887344000.0,-868158000.0,0.0,,,1.251702685375911,0.8308095579504804,0.37851964812054034,-1.9929612421424299,-2.586629388605323,-0.3216951367840228,-3.7614664701855745,False,3.78972712456799,False,0.32411209707044764,0.914476138672545,-36.82141092102081,0.16141565123373952,3.440546812337417,9.362730689830455,-1.1122031159313084,-1.078574208647835,-2063754000.0,1.086677753682195
Linde plc,LIN,Specialty Chemicals,2023,32854000000.0,17492000000.0,15362000000.0,8105000000.0,12217000000.0,413000000.0,6199000000.0,4664000000.0,5092000000.0,2115000000.0,12620000000.0,80811000000.0,15717000000.0,39716000000.0,5976000000.0,13397000000.0,19373000000.0,39720000000.0,9305000000.0,-4670000000.0,-5400000000.0,-3787000000.0,0.0,,,0.8029522173442769,0.6683845517592416,0.2967487433988675,0.18868326535581664,0.2466975101966275,0.07670985385652944,0.156067472306143,False,0.4877391742195368,False,0.23973221467374492,0.4914677457276856,19.624697336561745,0.4065535632525275,8.270449172576832,6.452081696779262,0.5920341032003563,0.48030764466009396,13092000000.0,1.501048556218745
Linde plc,LIN,Specialty Chemicals,2024,33005000000.0,17143000000.0,15862000000.0,8595000000.0,12836000000.0,487000000.0,6565000000.0,4850000000.0,5062000000.0,1946000000.0,12945000000.0,80147000000.0,14544000000.0,40659000000.0,6280000000.0,15343000000.0,21623000000.0,38092000000.0,9423000000.0,-4644000000.0,-4359000000.0,-4497000000.0,0.0,,,0.8900577557755776,0.7562568756875687,0.3334708470847085,0.19890925617330707,0.26041508862293594,0.08191198672439393,0.17234589940144912,False,0.5676520004200357,False,0.2697917576453267,0.5073053264626249,17.648870636550306,0.41180580682995,8.442748091603054,6.500886350206815,0.6478960396039604,0.4357859686444989,13920000000.0,1.4353389185072354
Linde plc,LIN,Specialty Chemicals,2025,33986000000.0,17389000000.0,16597000000.0,9254000000.0,13124000000.0,464000000.0,6898000000.0,5056000000.0,5464000000.0,2055000000.0,13325000000.0,86817000000.0,15198000000.0,47076000000.0,6306000000.0,20683000000.0,26989000000.0,38245000000.0,10350000000.0,-5721000000.0,-4554000000.0,-5261000000.0,0.0,,,0.8767601000131596,0.7415449401237005,0.33267535202000265,0.20296592714647207,0.2722885894191726,0.07945448472073442,0.18036344620211792,False,0.705687017910838,False,0.31087229459668037,0.5422440305470126,19.94396551724138,0.39146710897635256,8.692326918270432,6.45753372601178,0.681010659297276,0.3834895698247434,15611000000.0,1.5004349086691795
"Lumen Technologies, Inc.",LUMN,Telecom Services,2023,14557000000.0,7144000000.0,7413000000.0,1230000000.0,-6094000000.0,1158000000.0,-10298000000.0,2234000000.0,1610000000.0,209000000.0,4775000000.0,34018000000.0,3534000000.0,33601000000.0,157000000.0,19831000000.0,19988000000.0,417000000.0,2160000000.0,-1201000000.0,-18000000.0,-3100000000.0,1.0,Comprehensive Distressed Debt Restructuring,2024.0,1.3511601584606678,1.2920203735144313,0.6321448783248443,-0.7074259806278766,0.08449543175104761,-0.30272208830619085,-24.695443645083934,False,47.932853717026376,False,0.5875712857898759,0.987741783761538,1.0621761658031088,0.42792051266976305,34.18181818181818,9.041614906832297,0.6112054329371817,0.10806483890334201,5260000000.0,-0.20974946591571178
"Lumen Technologies, Inc.",LUMN,Telecom Services,2024,13108000000.0,6703000000.0,6405000000.0,477000000.0,4098000000.0,1372000000.0,-55000000.0,1889000000.0,1730000000.0,146000000.0,4394000000.0,33496000000.0,3639000000.0,33032000000.0,412000000.0,17494000000.0,17906000000.0,464000000.0,4333000000.0,-2830000000.0,-1851000000.0,-3231000000.0,1.0,Comprehensive Distressed Debt Restructuring,2024.0,1.2074745809288265,1.1673536685902721,0.5190986534762297,-0.004195910894110467,0.036389990845285325,-0.0016419871029376642,-0.11853448275862069,False,38.59051724137931,False,0.5345712920945784,0.9861475997133986,0.34766763848396504,0.3913303080964891,37.76338028169014,7.849101796407186,1.1907117339928552,0.2419859265050821,7564000000.0,-78.78181818181818
"Lumen Technologies, Inc.",LUMN,Telecom Services,2025,12402000000.0,6638000000.0,5764000000.0,-184000000.0,1317000000.0,1284000000.0,-1739000000.0,1003000000.0,1800000000.0,165000000.0,7909000000.0,34342000000.0,4390000000.0,35459000000.0,88000000.0,17353000000.0,17441000000.0,-1117000000.0,4738000000.0,-4305000000.0,-1319000000.0,-4367000000.0,0.0,,,1.8015945330296128,1.764009111617312,0.2284738041002278,-0.14021931946460248,-0.014836316723109175,-0.050637703104070814,1.5568487018800359,True,-15.61414503133393,True,0.5078620930638867,1.0325257701939317,-0.14330218068535824,0.3611321414011997,42.68810289389067,7.026628895184136,1.0792710706150341,0.2716587351642681,9105000000.0,-2.7245543415756184
McDonald's Corporation,MCD,Restaurants,2023,25495000000.0,10931000000.0,14564000000.0,11747000000.0,13861000000.0,1361000000.0,8469000000.0,4579000000.0,2488000000.0,53000000.0,7986000000.0,56147000000.0,6859000000.0,60854000000.0,2192000000.0,37153000000.0,39345000000.0,-4706000000.0,9612000000.0,-3185000000.0,-4374000000.0,-2357000000.0,0.0,,,1.1643096661320893,1.1565825922146085,0.667590027700831,0.3321827809374387,0.46075701117866247,0.15083619783781857,-1.7996175095622609,True,-8.360603484912877,True,0.7007498174434965,1.0838335084688406,8.631153563556209,0.4540759078846599,206.24528301886792,10.247186495176848,1.4013704621664966,0.24430041936713687,11969000000.0,1.1349628055260361
McDonald's Corporation,MCD,Restaurants,2024,25920000000.0,11210000000.0,14710000000.0,11851000000.0,13948000000.0,1506000000.0,8223000000.0,1085000000.0,2383000000.0,56000000.0,4599000000.0,55182000000.0,3861000000.0,58979000000.0,636000000.0,38424000000.0,39060000000.0,-3796000000.0,9447000000.0,-5346000000.0,-7495000000.0,-2775000000.0,0.0,,,1.191142191142191,1.1766381766381766,0.281015281015281,0.31724537037037037,0.4572145061728395,0.1490159834728716,-2.16622760800843,True,-10.289778714436249,True,0.7078395128846363,1.0688086694936754,7.869189907038512,0.46971838643035774,205.6880733944954,10.642578525970027,2.4467754467754466,0.24185867895545315,12222000000.0,1.148850784385261
McDonald's Corporation,MCD,Restaurants,2025,26885000000.0,11451000000.0,15434000000.0,12394000000.0,14678000000.0,1582000000.0,8563000000.0,774000000.0,2466000000.0,61000000.0,4163000000.0,59515000000.0,4361000000.0,61306000000.0,694000000.0,39973000000.0,40667000000.0,-1790000000.0,10551000000.0,-3822000000.0,-7125000000.0,-3365000000.0,0.0,,,0.9545975693648245,0.9406099518459069,0.17748222884659481,0.31850474242142457,0.4610005579319323,0.1438796941947408,-4.783798882681564,True,-22.71899441340782,True,0.6833067293959506,1.0300932538015626,7.834386852085967,0.4517348567588003,195.74358974358975,11.088884306042482,2.419399220362302,0.25944869304349966,13916000000.0,1.2321616255985053
Microsoft Corporation,MSFT,Software - Infrastructure,2023,211915000000.0,65863000000.0,146052000000.0,88523000000.0,105140000000.0,1968000000.0,72361000000.0,34704000000.0,48688000000.0,2500000000.0,184257000000.0,411976000000.0,104149000000.0,205753000000.0,5247000000.0,41990000000.0,47237000000.0,206223000000.0,87582000000.0,-22680000000.0,-43935000000.0,-28107000000.0,0.0,,,1.76916725076573,1.745163179675273,0.3332149132492871,0.3414623787839464,0.417728806361041,0.175643726819038,0.35088714643856406,False,0.2290578645446919,False,0.11465959182088277,0.499429578422044,44.98119918699187,0.5143867603938094,26.3452,4.3525098586920805,0.84092982169776,1.8540974236297818,115689000000.0,1.2103481156976825
Microsoft Corporation,MSFT,Software - Infrastructure,2024,245122000000.0,74114000000.0,171008000000.0,109433000000.0,131680000000.0,2935000000.0,88136000000.0,18315000000.0,56924000000.0,1246000000.0,159734000000.0,512163000000.0,125286000000.0,243686000000.0,8942000000.0,42688000000.0,51630000000.0,268477000000.0,118548000000.0,-96970000000.0,-37757000000.0,-44477000000.0,0.0,,,1.2749549031815206,1.2650096579027186,0.14618552751305014,0.35955972944084985,0.44644299573273716,0.17208583985957596,0.32828137978299815,False,0.19230697601656752,False,0.10080775065750552,0.47579774407756903,37.285519591141394,0.47860153896318164,39.569674319273894,4.641934628640684,0.9462190508117427,2.296106914584544,163025000000.0,1.345057638195516
Microsoft Corporation,MSFT,Software - Infrastructure,2025,281724000000.0,87831000000.0,193893000000.0,128528000000.0,155445000000.0,2385000000.0,101832000000.0,30242000000.0,69905000000.0,938000000.0,191131000000.0,619003000000.0,141218000000.0,275524000000.0,2999000000.0,40152000000.0,43151000000.0,343479000000.0,136162000000.0,-72599000000.0,-51699000000.0,-64551000000.0,0.0,,,1.3534464445042416,1.3468042317551587,0.2141511705306689,0.3614601524896707,0.4562195624085985,0.16450970350709124,0.2964722734140952,False,0.12562922332951942,False,0.06971048605580264,0.44510931287893596,53.89014675052411,0.4551254194244616,80.43131868131869,4.442580166996507,0.964197198657395,3.1554772774674977,200713000000.0,1.3371238903291696
"Microvision, Inc.",MVIS,Scientific & Technical Instruments,2023,7259000.0,2772000.0,4487000.0,-88909000.0,-73752000.0,80000.0,-82842000.0,45167000.0,949000.0,3874000.0,86754000.0,129635000.0,20503000.0,33831000.0,2323000.0,12714000.0,15037000.0,95804000.0,-67090000.0,21822000.0,72438000.0,-1935000.0,1.0,Going Concern & Continuous ATM Equity Financing,2023.0,4.231283226844852,4.04233526800956,2.202945910354582,-11.412315745970519,-12.248105799696928,-0.6390403826127203,-0.8647029351592835,False,0.15695586823097157,False,0.11599490878235044,0.2609711883364832,-1111.3625,0.055995680178964016,0.715539494062984,7.649104320337197,-3.2722040676974102,-4.461661235618807,-65155000.0,0.8098549045170325
"Microvision, Inc.",MVIS,Scientific & Technical Instruments,2024,4696000.0,7530000.0,-2834000.0,-81195000.0,-85031000.0,4457000.0,-96915000.0,54486000.0,926000.0,2294000.0,82470000.0,121161000.0,45951000.0,72392000.0,24248000.0,8754000.0,33002000.0,48769000.0,-68540000.0,2672000.0,72890000.0,-374000.0,0.0,,,1.7947378729516223,1.744815129159322,1.1857413331592348,-20.637776831345825,-17.290247018739354,-0.7998861019635031,-1.9872254916032726,False,0.6767003629354713,False,0.27238137684568464,0.5974859897161628,-18.21741081444918,0.03875834633256576,2.4416342412451364,5.009066666666667,-1.4915888664011665,-2.076843827646809,-68166000.0,0.7072176649641438
"Microvision, Inc.",MVIS,Scientific & Technical Instruments,2025,1208000.0,18548000.0,-17340000.0,-69385000.0,-70710000.0,18531000.0,-94981000.0,32363000.0,47000.0,745000.0,81112000.0,103119000.0,30149000.0,47571000.0,19212000.0,14061000.0,33273000.0,55548000.0,-58720000.0,-24648000.0,60869000.0,-679000.0,0.0,,,2.6903711565889417,2.665660552588809,1.073435271484958,-78.62665562913908,-57.437913907284766,-0.9210814689824378,-1.7098905451141355,False,0.5989954633830201,False,0.32266604602449594,0.4613213859715474,-3.744266364470347,0.011714620971886849,12.206646923330043,2.483042137718397,-1.9476599555540814,-1.764794277642533,-58041000.0,0.6182289089396826
Norwegian Cruise Line Holdings,NCLH,Travel Services,2023,8549924000.0,5468587000.0,3081337000.0,930911000.0,1773943000.0,727531000.0,166178000.0,402415000.0,280271000.0,157646000.0,1313148000.0,19492990000.0,6038701000.0,19192183000.0,1744778000.0,12314147000.0,14058925000.0,300807000.0,2005714000.0,-2897143000.0,346857000.0,-2750362000.0,1.0,Elevated Debt / Interest Coverage Deficit,2023.0,0.2174553765785059,0.1913494309454964,0.06663933186955275,0.019436196158000938,0.10887944734947351,0.008525013350953342,0.5524406014487695,False,46.73735983537617,False,0.7212297856819297,0.9845684525565345,1.2795482254364419,0.43861531760904815,34.68903112035827,30.50591748700365,0.3321432871076081,0.14266481967860273,4756076000.0,12.069672279122386
Norwegian Cruise Line Holdings,NCLH,Travel Services,2024,9479651000.0,5688696000.0,3790955000.0,1465906000.0,2493642000.0,747223000.0,910257000.0,190765000.0,221412000.0,149718000.0,1010104000.0,19969811000.0,5780865000.0,18544372000.0,1323769000.0,11776721000.0,13100490000.0,1425439000.0,2049823000.0,-1229388000.0,-1032085000.0,-1210952000.0,0.0,,,0.17473232812044565,0.14883343582664532,0.03299938676997301,0.09602220588078612,0.1546371274638697,0.04558165322646268,0.6385801146173214,False,9.190494998382954,False,0.6560147214212493,0.9286203059207722,1.9618052442175897,0.4746990845331486,37.0160200934397,37.791398153814264,0.3545875919953156,0.15646918550374833,3260775000.0,2.2519167663637853
Norwegian Cruise Line Holdings,NCLH,Travel Services,2025,9827592000.0,5639163000.0,4188429000.0,1560868000.0,2544335000.0,953506000.0,423246000.0,209893000.0,291659000.0,138181000.0,1138541000.0,22541401000.0,5452577000.0,20331513000.0,875899000.0,13730277000.0,14606176000.0,2209888000.0,2089746000.0,-3264691000.0,1194073000.0,-3259606000.0,0.0,,,0.20880787194752132,0.1834655429900394,0.03849427527570908,0.04306711145517641,0.15882507128908077,0.018776383952355046,0.1915237333294719,False,6.609464371045048,False,0.6479710821878374,0.9019631477209424,1.6369776383158574,0.43597964474346557,39.17459247861229,38.30889681934859,0.38325841157309654,0.14307276593134302,5349352000.0,4.937426461206957
"NextEra Energy, Inc.",NEE,Utilities - Regulated Electric,2023,28114000000.0,10138000000.0,17976000000.0,9832000000.0,16763000000.0,3324000000.0,7310000000.0,2690000000.0,6040000000.0,2106000000.0,15361000000.0,177489000000.0,27963000000.0,118465000000.0,11806000000.0,61405000000.0,73211000000.0,47468000000.0,11301000000.0,-23467000000.0,12149000000.0,-9548000000.0,0.0,,,0.5493330472409971,0.4740192397096163,0.09619854808139328,0.26001280500818097,0.3497190012093619,0.0411856509417485,0.15399848318867448,False,1.5423232493469285,False,0.41248190028677834,0.6674498137912772,2.9578820697954273,0.1583985486424511,4.813865147198481,4.654635761589404,0.4041411865679648,0.1543620494188032,20849000000.0,1.5459644322845418
"NextEra Energy, Inc.",NEE,Utilities - Regulated Electric,2024,24753000000.0,9886000000.0,14867000000.0,7127000000.0,14033000000.0,2235000000.0,6946000000.0,1487000000.0,4516000000.0,2214000000.0,11951000000.0,190144000000.0,25355000000.0,129283000000.0,9948000000.0,72385000000.0,82333000000.0,50101000000.0,13260000000.0,-22264000000.0,7000000000.0,-8514000000.0,0.0,,,0.4713468743837507,0.384026819167817,0.058647209623348455,0.28061245101603843,0.2879246959964449,0.0365302086839448,0.138639947306441,False,1.6433404522863815,False,0.4330034079434534,0.6799215331538203,3.188814317673378,0.13018028441602153,4.576851851851852,4.6898446381205,0.522973772431473,0.16105328361653287,21774000000.0,1.9090123812266053
"NextEra Energy, Inc.",NEE,Utilities - Regulated Electric,2025,27412000000.0,10343000000.0,17069000000.0,8020000000.0,16043000000.0,4572000000.0,6835000000.0,2812000000.0,5751000000.0,2420000000.0,13584000000.0,212721000000.0,22817000000.0,146242000000.0,6063000000.0,89556000000.0,95619000000.0,54608000000.0,12485000000.0,-23865000000.0,12979000000.0,-9274000000.0,0.0,,,0.5953455756672656,0.48928430556164265,0.12324144278388921,0.24934335327593754,0.2925725959433825,0.032131289341437844,0.12516481101670085,False,1.751007178435394,False,0.44950428025441774,0.687482665087133,1.7541557305336832,0.12886362888478337,4.463962019853258,5.339826629005552,0.547179734408555,0.13057028414854788,21759000000.0,1.8266276517922457
"Nike, Inc.",NKE,Footwear & Accessories,2023,51217000000.0,28925000000.0,22292000000.0,5915000000.0,6774000000.0,,5070000000.0,7441000000.0,4131000000.0,8454000000.0,25202000000.0,37531000000.0,9256000000.0,23527000000.0,6000000.0,8927000000.0,8933000000.0,14004000000.0,5841000000.0,564000000.0,-7447000000.0,-969000000.0,0.0,,,2.7227744165946413,1.8094209161624892,0.8039109766637856,0.09899056953745826,0.11548899779370131,0.13508832698302736,0.3620394173093402,False,0.6378891745215652,False,0.23801657296634782,0.6268684554101942,,1.3646585489328822,3.4214572983203215,12.398208666182523,0.6310501296456352,0.6538676816299116,6810000000.0,1.1520710059171597
"Nike, Inc.",NKE,Footwear & Accessories,2024,51362000000.0,28475000000.0,22887000000.0,6311000000.0,7155000000.0,,5700000000.0,9860000000.0,4427000000.0,7519000000.0,25382000000.0,38110000000.0,10593000000.0,23680000000.0,1006000000.0,7903000000.0,8909000000.0,14430000000.0,7429000000.0,894000000.0,-5888000000.0,-812000000.0,0.0,,,2.3961106391012934,1.6863022750873218,0.9308033607099028,0.11097698687745804,0.12287294108484872,0.14956704277092628,0.39501039501039503,False,0.6173943173943174,False,0.23377066386775125,0.6213592233009708,,1.347730254526371,3.5653915983221687,12.003271792474877,0.7013121872934958,0.8338758558760804,8241000000.0,1.3033333333333332
"Nike, Inc.",NKE,Footwear & Accessories,2025,46309000000.0,26519000000.0,19790000000.0,3702000000.0,4510000000.0,,3219000000.0,7464000000.0,4717000000.0,7489000000.0,23362000000.0,36579000000.0,10566000000.0,23366000000.0,5000000.0,7961000000.0,7966000000.0,13213000000.0,3698000000.0,-275000000.0,-5820000000.0,-430000000.0,0.0,,,2.2110543251940187,1.5022714366837024,0.7064168086314594,0.06951132609212032,0.07994126411712627,0.08800131222832773,0.24362370392794974,False,0.602891092106259,False,0.21777522622269607,0.6387818147024249,,1.2659996172667378,3.5339818763326227,10.128827646544181,0.34999053568048455,0.4642229475269897,4128000000.0,1.1488039763901834
NVIDIA Corporation,NVDA,Semiconductors,2023,26974000000.0,11618000000.0,15356000000.0,5577000000.0,5986000000.0,262000000.0,4368000000.0,3389000000.0,3827000000.0,5159000000.0,23073000000.0,41182000000.0,6563000000.0,19081000000.0,1250000000.0,9703000000.0,10953000000.0,22101000000.0,5641000000.0,7375000000.0,-11617000000.0,-1833000000.0,0.0,,,3.515617857687033,2.7295444156635686,0.516379704403474,0.16193371394676356,0.20675465262845702,0.10606575688407557,0.19763811592235644,False,0.4955884349124474,False,0.26596571317565926,0.46333349521635664,21.286259541984734,0.6549949006847652,2.251986819150998,7.04834073686961,0.8595154654883438,0.5150187163334247,7474000000.0,1.291437728937729
NVIDIA Corporation,NVDA,Semiconductors,2024,60922000000.0,16621000000.0,44301000000.0,32972000000.0,35583000000.0,257000000.0,29760000000.0,7280000000.0,9999000000.0,5282000000.0,44345000000.0,65728000000.0,10631000000.0,22750000000.0,1250000000.0,8459000000.0,9709000000.0,42978000000.0,28090000000.0,-10566000000.0,-13633000000.0,-1069000000.0,0.0,,,4.171291505973097,3.6744426676700215,0.6847897657793246,0.4884934834706674,0.5412166376678376,0.4527750730282376,0.6924472986178976,False,0.22590627763041557,False,0.1477148247322298,0.346123417721519,128.295719844358,0.9268804771178188,3.1837946556843213,8.812671777809923,2.642272599002916,2.893191883819137,29159000000.0,0.9438844086021505
NVIDIA Corporation,NVDA,Semiconductors,2025,130497000000.0,32639000000.0,97858000000.0,81453000000.0,86137000000.0,247000000.0,72880000000.0,8589000000.0,23065000000.0,10080000000.0,80126000000.0,111601000000.0,18047000000.0,32274000000.0,288000000.0,8463000000.0,8751000000.0,79327000000.0,64089000000.0,-20421000000.0,-42359000000.0,-3236000000.0,0.0,,,4.439851498864077,3.8813099130049316,0.47592397628414695,0.5584802715771244,0.6241752683969747,0.6530407433625147,0.9187288060811577,False,0.1103155293910018,False,0.0784132758667037,0.28919095707027714,329.7692307692308,1.169317479234057,4.2493164952480145,7.893600290345995,3.551227350806228,7.323620157696263,67325000000.0,0.8793770581778265
Opendoor Technologies Inc,OPEN,Real Estate Services,2023,6946000000.0,6459000000.0,487000000.0,-372000000.0,9000000.0,211000000.0,-275000000.0,999000000.0,,1775000000.0,3445000000.0,3567000000.0,70000000.0,2600000000.0,5000000.0,2510000000.0,2515000000.0,967000000.0,2344000000.0,44000000.0,-2639000000.0,-37000000.0,1.0,Severe Inventory Write-downs & Heavy Losses,2023.0,49.214285714285715,23.857142857142858,14.271428571428572,-0.039591131586524615,-0.05355600345522603,-0.07709559854219232,-0.2843846949327818,False,2.6008273009307135,False,0.7050742921222316,0.7289038407625456,-1.7630331753554502,1.9472946453602467,3.6388732394366197,,33.48571428571429,0.9320079522862823,2381000000.0,-8.523636363636363
Opendoor Technologies Inc,OPEN,Real Estate Services,2024,5153000000.0,4720000000.0,433000000.0,-303000000.0,-205000000.0,133000000.0,-392000000.0,671000000.0,,2159000000.0,2997000000.0,3126000000.0,529000000.0,2413000000.0,432000000.0,1870000000.0,2302000000.0,713000000.0,-595000000.0,28000000.0,-210000000.0,-25000000.0,0.0,,,5.665406427221172,1.5841209829867675,1.268431001890359,-0.07607219095672424,-0.05880069862216185,-0.1253998720409469,-0.5497896213183731,False,3.228611500701262,False,0.7364043506078055,0.77191298784389,-2.2781954887218046,1.648432501599488,2.3995932892730045,,-1.1247637051039698,-0.2584708948740226,-570000000.0,1.5178571428571428
Opendoor Technologies Inc,OPEN,Real Estate Services,2025,4371000000.0,4021000000.0,350000000.0,-277000000.0,-1123000000.0,131000000.0,-1300000000.0,962000000.0,,925000000.0,2299000000.0,2407000000.0,327000000.0,1402000000.0,245000000.0,1068000000.0,1313000000.0,1005000000.0,1049000000.0,-12000000.0,-499000000.0,-12000000.0,0.0,,,7.030581039755352,4.201834862385321,2.941896024464832,-0.29741477922672155,-0.06337222603523221,-0.540091400083091,-1.2935323383084578,False,1.3064676616915423,False,0.5454923140839218,0.5824678022434566,-2.114503816793893,1.8159534690486083,2.6076523994811933,,3.2079510703363914,0.7989337395277989,1061000000.0,-0.806923076923077
"Banzai International, Inc.",PARA,Software - Application,2023,4561300.0,1444618.0,3116682.0,-9795551.0,-8671383.0,5554474.0,-14406262.0,2093718.0,105049.0,0.0,2939922.0,5288486.0,37089615.0,37164615.0,16164856.0,0.0,16164856.0,-31876129.0,-1550781.0,0.0,2621000.0,,1.0,Credit Rating Downgrade to Junk / $6B Impairment,2024.0,0.07926536848656962,0.07926536848656962,0.05645024894434736,-3.1583675706487186,-2.147534913292263,-2.724080578070926,0.45194515306422556,True,-0.5071147754484241,True,3.056613178138318,7.0274583311745555,-1.7635425064551566,0.8624963741985892,,43.42068939256918,-0.04181173085781559,-0.09593534269652634,,0.10764631380437202
"Banzai International, Inc.",PARA,Software - Application,2024,4527879.0,1422542.0,3105337.0,-13467744.0,-28304392.0,3047101.0,-31513389.0,1087497.0,937121.0,0.0,2667492.0,25674078.0,28260148.0,28437880.0,12429758.0,49974.0,12479732.0,-2763802.0,-9575403.0,82219.0,8486963.0,,1.0,Credit Rating Downgrade to Junk / $6B Impairment,2024.0,0.09439058847108657,0.09439058847108657,0.0384816456021391,-6.959856701117675,-2.974404572206987,-1.2274399493528063,11.402187638622449,True,-4.515421871754923,True,0.48608296664051576,1.1076495132561333,-4.419854806256832,0.17635994562297427,,8.689328996229023,-0.3388306034349148,-0.7672763325366282,,0.3038518960940697
"Banzai International, Inc.",PARA,Software - Application,2025,12161419.0,2188583.0,9972836.0,-18464980.0,-18879800.0,2384493.0,-22492075.0,259205.0,722066.0,0.0,1413497.0,31631514.0,22370810.0,23576513.0,10570412.0,33922.0,10604334.0,8055001.0,-15706619.0,-2678980.0,17633523.0,,0.0,,,0.0631848824427904,0.0631848824427904,0.011586750770311849,-1.8494613992002085,-1.518324465261825,-0.7110653950993304,-2.79231188177382,False,1.31649071179507,False,0.33524585639498633,0.7453488631622248,-7.7437761402528755,0.3844716063859605,,14.659491666701824,-0.7021032765465354,-1.4811509143337054,,0.6983179186446782
"Pepsico, Inc.",PEP,Beverages - Non-Alcoholic,2023,91471000000.0,41881000000.0,49590000000.0,12913000000.0,15754000000.0,819000000.0,9074000000.0,9711000000.0,10815000000.0,5334000000.0,26950000000.0,100495000000.0,31647000000.0,81858000000.0,6510000000.0,37595000000.0,44105000000.0,18503000000.0,13442000000.0,-5495000000.0,-3009000000.0,-5518000000.0,0.0,,,0.851581508515815,0.6830347268303473,0.30685373021139445,0.09920083961036831,0.1411704255993703,0.09029304940544305,0.49040696103334597,False,2.383667513376209,False,0.43887755609731827,0.8145479874620628,15.766788766788768,0.9102044877854619,7.851706036745407,8.457790106333796,0.42474800139033714,0.3047727015077656,18960000000.0,1.481375358166189
"Pepsico, Inc.",PEP,Beverages - Non-Alcoholic,2024,91854000000.0,41744000000.0,50110000000.0,12920000000.0,16680000000.0,919000000.0,9578000000.0,8505000000.0,10333000000.0,5306000000.0,25826000000.0,99467000000.0,31536000000.0,81296000000.0,7082000000.0,37224000000.0,44306000000.0,18041000000.0,12507000000.0,-5472000000.0,-7556000000.0,-5318000000.0,0.0,,,0.8189370877727042,0.6506849315068494,0.2696917808219178,0.10427417423302197,0.14065800074030527,0.09629324298511063,0.5309018347098277,False,2.4558505626073943,False,0.44543416409462433,0.8173162958569173,14.058759521218716,0.9234620527411102,7.8466165413533835,8.686778891620957,0.3965943683409437,0.2822868234550625,17825000000.0,1.3058049697222802
"Pepsico, Inc.",PEP,Beverages - Non-Alcoholic,2025,93925000000.0,43066000000.0,50859000000.0,13491000000.0,15543000000.0,1121000000.0,8240000000.0,9159000000.0,11506000000.0,5845000000.0,27949000000.0,107399000000.0,32764000000.0,86852000000.0,6861000000.0,42321000000.0,49182000000.0,20406000000.0,12087000000.0,-6879000000.0,-4979000000.0,-4415000000.0,0.0,,,0.8530399218654621,0.6746429007447198,0.2795446221462581,0.08772957146659568,0.143635879691243,0.07672324695760668,0.4038028030971283,False,2.410173478388709,False,0.45793722474138493,0.8086853695099582,12.03479036574487,0.8745425935064572,7.724150300421487,8.601584321626449,0.36891099987791476,0.2457606441380993,16502000000.0,1.466868932038835
Procter & Gamble Company (The),PG,Household & Personal Products,2023,82006000000.0,42760000000.0,39246000000.0,18134000000.0,21823000000.0,756000000.0,14653000000.0,8246000000.0,5471000000.0,7073000000.0,22648000000.0,120829000000.0,35756000000.0,73764000000.0,10229000000.0,24378000000.0,34607000000.0,46777000000.0,16848000000.0,-3500000000.0,-12146000000.0,-3062000000.0,0.0,,,0.6334041839131894,0.4355912294440094,0.23061863743148003,0.17868204765504964,0.2211301612077165,0.12127055590959124,0.31325223934839774,False,0.739829403339248,False,0.28641302998452356,0.6104825828236599,23.986772486772487,0.6786946842231584,6.0455252368160615,14.989215865472492,0.4711936458216803,0.48683792296356226,19910000000.0,1.1497986760390364
Procter & Gamble Company (The),PG,Household & Personal Products,2024,84039000000.0,40848000000.0,43191000000.0,19886000000.0,22582000000.0,925000000.0,14879000000.0,9482000000.0,6118000000.0,7016000000.0,24709000000.0,122370000000.0,33627000000.0,71812000000.0,7191000000.0,25269000000.0,32460000000.0,50286000000.0,19846000000.0,-3504000000.0,-14855000000.0,-3322000000.0,0.0,,,0.7347964433342254,0.5261545781663545,0.28197579326136735,0.17704875117504967,0.23662823213032044,0.12159025905042085,0.2958875233663445,False,0.6455076959790002,False,0.2652610934052464,0.5868431805181008,21.49837837837838,0.6867614611424369,5.798566257363901,14.5032358270774,0.5901805097094597,0.6113986444855206,23168000000.0,1.3338261979971773
Procter & Gamble Company (The),PG,Household & Personal Products,2025,84284000000.0,41164000000.0,43120000000.0,20451000000.0,23921000000.0,907000000.0,15974000000.0,9556000000.0,6185000000.0,7551000000.0,25392000000.0,125231000000.0,36058000000.0,72947000000.0,9512000000.0,24995000000.0,34507000000.0,52012000000.0,17817000000.0,-3818000000.0,-14036000000.0,-3773000000.0,0.0,,,0.7041987908369849,0.49478617782461587,0.26501747185090685,0.1895258886621423,0.24264391818138675,0.1275562760019484,0.3071214335153426,False,0.6634430516034762,False,0.27554678953294315,0.582499540848512,22.54796030871003,0.6730282438054476,5.65167845129402,13.701373648703568,0.4941205835043541,0.5163300199959429,21590000000.0,1.115374984349568
"Plug Power, Inc.",PLUG,Electrical Equipment & Parts,2023,891340000.0,1399131000.0,-507791000.0,-1044005000.0,-1259913000.0,45201000.0,-1368833000.0,135033000.0,370059000.0,961253000.0,1786965000.0,4902738000.0,964800000.0,2004613000.0,86747000.0,480836000.0,567583000.0,2898125000.0,-1106570000.0,728052000.0,6117000.0,-696126000.0,1.0,Formal Going Concern Qualification (Form 10-K),2023.0,1.8521610696517412,0.8558374792703151,0.13995957711442786,-1.5357024255615142,-1.1712758318935534,-0.2791976646518741,-0.4723167565236144,False,0.19584489971964633,False,0.11576857666063331,0.40887622385695505,-23.09694475785934,0.1818045345274416,1.455528357258703,2.4086429461248073,-1.1469423714759535,-1.9496179413407377,-410444000.0,0.8084039470117976
"Plug Power, Inc.",PLUG,Electrical Equipment & Parts,2024,628814000.0,1253701000.0,-624887000.0,-1078223000.0,-1976413000.0,46622000.0,-2104701000.0,205693000.0,251296000.0,682642000.0,1477484000.0,3602846000.0,748489000.0,1795090000.0,142348000.0,587310000.0,729658000.0,1734137000.0,-728643000.0,-402364000.0,983170000.0,-334248000.0,0.0,,,1.9739555290725714,1.0619287658202057,0.27481098586619174,-3.3470962796629844,-1.7146930570884236,-0.5841773420235004,-1.213687845885302,False,0.42076145079656335,False,0.20252267235402235,0.49824222295374265,-23.126914332289477,0.17453257785650567,1.5252811158863553,2.0240088194349446,-0.9734852482802019,-0.9986089373377665,-394395000.0,0.34619786848583245
"Plug Power, Inc.",PLUG,Electrical Equipment & Parts,2025,709919000.0,951959000.0,-242040000.0,-679570000.0,-1583625000.0,65127000.0,-1631594000.0,368540000.0,240026000.0,520968000.0,1410268000.0,2594568000.0,610588000.0,1591254000.0,79369000.0,624126000.0,703495000.0,978069000.0,-535835000.0,-139008000.0,629953000.0,-125640000.0,0.0,,,2.3096883659685417,1.4564649157860947,0.6035821208408944,-2.2982819166693664,-0.9572500524707749,-0.6288499665454904,-1.6681788299189526,False,0.7192692949065965,False,0.27114147711680714,0.6133020988465132,-10.434535599674483,0.27361741916187976,1.581839632439079,2.889831922853037,-0.8775721108177691,-0.7616756337998137,-410195000.0,0.32841197013472717
"Peloton Interactive, Inc.",PTON,Leisure,2023,2800300000.0,1876700000.0,923500000.0,-863200000.0,-1036600000.0,97100000.0,-1261700000.0,813900000.0,97200000.0,522600000.0,1639100000.0,2769100000.0,761400000.0,3064300000.0,7500000.0,1678900000.0,1686400000.0,-295200000.0,-387600000.0,-69900000.0,76800000.0,-82400000.0,1.0,Comprehensive Debt Refinancing & Restructuring,2024.0,2.1527449435250854,1.4663777252429735,1.0689519306540582,-0.45055886869264006,-0.30825268721208443,-0.45563540500523636,4.274051490514905,True,-5.712737127371274,True,0.6090065364197754,1.1066050341266116,-8.889804325437693,1.0112671987288289,3.591083046306927,28.809670781893004,-0.5090622537431048,-0.22983870967741934,-305200000.0,0.3072045652690814
"Peloton Interactive, Inc.",PTON,Leisure,2024,2700400000.0,1494000000.0,1206500000.0,-405600000.0,-330800000.0,112500000.0,-551900000.0,697600000.0,103600000.0,329700000.0,1266000000.0,2185200000.0,685200000.0,2704400000.0,10000000.0,1490100000.0,1500100000.0,-519200000.0,-66100000.0,26800000.0,-94400000.0,-19700000.0,1.0,Comprehensive Debt Refinancing & Restructuring,2024.0,1.8476357267950962,1.36646234676007,1.0180969060128429,-0.20437712931417568,-0.1501999703747593,-0.25256269449020685,1.0629815100154083,True,-2.889252696456086,True,0.6864817865641589,1.2375983891634632,-3.6053333333333333,1.23576789309903,3.5058078141499474,26.89641434262948,-0.0964681844716871,-0.044063729084727686,-46400000.0,0.11976807392643594
"Peloton Interactive, Inc.",PTON,Leisure,2025,2490800000.0,1222500000.0,1268300000.0,61700000.0,108600000.0,134500000.0,-118900000.0,1039500000.0,101200000.0,205600000.0,1437600000.0,2125300000.0,803900000.0,2539000000.0,208500000.0,1290500000.0,1499000000.0,-413700000.0,333000000.0,-5100000.0,1700000.0,-9300000.0,0.0,,,1.7882821246423684,1.5325289215076503,1.2930712775220798,-0.04773566725550024,0.024771157860928216,-0.055945043052745495,0.2874063330916123,True,-3.6233985980178876,True,0.7053121912200631,1.194654872253329,0.4587360594795539,1.1719757210746717,4.567532224920606,24.32421875,0.4142306256997139,0.22214809873248834,342300000.0,-2.80067283431455
"Rivian Automotive, Inc.",RIVN,Auto Manufacturers,2023,4434000000.0,6464000000.0,-2030000000.0,-5739000000.0,-4274000000.0,220000000.0,-5432000000.0,7857000000.0,161000000.0,2620000000.0,12313000000.0,16778000000.0,2487000000.0,7637000000.0,361000000.0,4431000000.0,4792000000.0,9141000000.0,-4866000000.0,-2511000000.0,3130000000.0,-1026000000.0,1.0,Cash Burn Deficit / Capital Support Agreement,2024.0,4.950944913550463,3.8974668275030155,3.1592279855247285,-1.2250789354984213,-1.294316644113667,-0.32375730122779833,-0.5942457061590636,False,0.5242314845202932,False,0.2856121110978663,0.45517940159732984,-26.086363636363636,0.2642746453689355,2.467175572519084,27.540372670807454,-1.956574185765983,-1.0154424040066778,-3840000000.0,0.8958026509572902
"Rivian Automotive, Inc.",RIVN,Auto Manufacturers,2024,4970000000.0,6170000000.0,-1200000000.0,-4689000000.0,-3392000000.0,318000000.0,-4747000000.0,5294000000.0,443000000.0,2248000000.0,10583000000.0,15410000000.0,2251000000.0,8848000000.0,917000000.0,4441000000.0,5358000000.0,6558000000.0,-1716000000.0,-1980000000.0,1136000000.0,-1141000000.0,1.0,Cash Burn Deficit / Capital Support Agreement,2024.0,4.701466015104398,3.7027987561083964,2.351843625055531,-0.9551307847082495,-0.9434607645875251,-0.30804672290720314,-0.7238487343702348,False,0.8170173833485819,False,0.34769630110317973,0.5741726151849449,-14.745283018867925,0.32251784555483454,2.5349219391947413,16.456953642384107,-0.7623278542869836,-0.3202687569988802,-575000000.0,0.3614914682957657
"Rivian Automotive, Inc.",RIVN,Auto Manufacturers,2025,5387000000.0,5243000000.0,144000000.0,-3585000000.0,-2562000000.0,274000000.0,-3646000000.0,3579000000.0,555000000.0,1594000000.0,8592000000.0,14864000000.0,3693000000.0,10270000000.0,1660000000.0,4440000000.0,6100000000.0,4566000000.0,-779000000.0,-1828000000.0,886000000.0,-1710000000.0,0.0,,,2.3265637692932577,1.8949363660980232,0.9691307879772543,-0.6768145535548543,-0.6654909968442547,-0.24529063509149623,-0.7985107314936487,False,1.3359614542268945,False,0.4103875134553283,0.6909311087190527,-13.083941605839415,0.36241926803013996,2.7293076522644455,10.79559118236473,-0.21093961548876253,-0.12770491803278688,931000000.0,0.21365880416895228
"Virgin Galactic Holdings, Inc.",SPCE,Aerospace & Defense,2023,6800000.0,50538000.0,-43738000.0,-527111000.0,-475643000.0,12872000.0,-502337000.0,216799000.0,,16301000.0,950829000.0,1179517000.0,185660000.0,674041000.0,0.0,417886000.0,417886000.0,505476000.0,-448193000.0,-116273000.0,475431000.0,-44309000.0,1.0,Severe Cash Drain / Restructuring,2024.0,5.12134547021437,5.0335451901325,1.167720564472692,-73.87308823529412,-77.51632352941176,-0.42588364559391684,-0.9937900117908665,False,0.8267177867989776,False,0.35428569490732226,0.5714550956026916,-40.95020198881293,0.005765071635254092,3.100300595055518,,-2.414052569212539,-1.0725245641155723,-403884000.0,0.8922157834282564
"Virgin Galactic Holdings, Inc.",SPCE,Aerospace & Defense,2024,7036000.0,90024000.0,-82988000.0,-376629000.0,-318272000.0,12927000.0,-346740000.0,178605000.0,,0.0,627936000.0,961225000.0,150010000.0,638945000.0,0.0,420120000.0,420120000.0,322280000.0,-352703000.0,175656000.0,134340000.0,-121855000.0,1.0,Severe Cash Drain / Restructuring,2024.0,4.185960935937604,4.185960935937604,1.1906206252916471,-49.28084138715179,-53.528851620238775,-0.3607271970662436,-1.0758967357577263,False,1.3035869430309048,False,0.4370672839345627,0.6647194985565295,-29.135066140635878,0.007319826263361856,11.045211950187104,,-2.351196586894207,-0.8395291821384366,-230848000.0,1.0171973236430756
"Virgin Galactic Holdings, Inc.",SPCE,Aerospace & Defense,2025,1544000.0,72769000.0,-71225000.0,-285343000.0,-249588000.0,12782000.0,-278907000.0,144727000.0,,0.0,372898000.0,803179000.0,209323000.0,529215000.0,47830000.0,276362000.0,324192000.0,273964000.0,-240142000.0,90843000.0,114129000.0,-198045000.0,0.0,,,1.7814478103218472,1.7814478103218472,0.691405148980284,-180.6392487046632,-184.80764248704662,-0.34725385001350884,-1.018042516535019,False,1.1833379568118438,False,0.4036360512413796,0.6589004443592276,-22.323814739477392,0.0019223610179050995,,,-1.1472317901042886,-0.7407400552758859,-42097000.0,0.8610110180095875
Thermo Fisher Scientific Inc,TMO,Diagnostics & Research,2023,42857000000.0,25757000000.0,17100000000.0,7318000000.0,11079000000.0,1375000000.0,5995000000.0,8077000000.0,9664000000.0,5088000000.0,24589000000.0,98726000000.0,14012000000.0,51884000000.0,3609000000.0,31308000000.0,34917000000.0,46735000000.0,8406000000.0,-5142000000.0,-3622000000.0,-1479000000.0,0.0,,,1.7548529831572937,1.3917356551527262,0.5764344847273766,0.13988379961266537,0.17075390251300837,0.06072361890484776,0.12827645233764845,False,0.7471274205627474,False,0.3536758300751575,0.5255353199765006,5.322181818181818,0.4341004396005105,5.062303459119497,4.434706125827814,0.5999143591207536,0.24074233181544807,9885000000.0,1.4021684737281068
Thermo Fisher Scientific Inc,TMO,Diagnostics & Research,2024,42879000000.0,25177000000.0,17702000000.0,7717000000.0,11535000000.0,1390000000.0,6335000000.0,4009000000.0,9626000000.0,4978000000.0,22137000000.0,97321000000.0,13332000000.0,47649000000.0,2214000000.0,29061000000.0,31275000000.0,49585000000.0,8667000000.0,-5841000000.0,-6792000000.0,-1400000000.0,0.0,,,1.6604410441044104,1.287053705370537,0.3007050705070507,0.14774131859418363,0.17997154784393293,0.06509386463353233,0.12776041141474237,False,0.6307351013411314,False,0.32135921332497613,0.4896065597353089,5.551798561151079,0.44059349986128377,5.002384263858533,4.445723172628305,0.6500900090009001,0.2771223021582734,10067000000.0,1.3681136543014996
Thermo Fisher Scientific Inc,TMO,Diagnostics & Research,2025,44557000000.0,26318000000.0,18239000000.0,8110000000.0,11507000000.0,1419000000.0,6704000000.0,9852000000.0,10566000000.0,5425000000.0,28707000000.0,110343000000.0,15189000000.0,56807000000.0,3533000000.0,35852000000.0,39385000000.0,53407000000.0,7818000000.0,-4047000000.0,1801000000.0,-1525000000.0,0.0,,,1.8899861742050168,1.5328198038053855,0.648627296069524,0.15045896267702044,0.18201404941984425,0.06075600627135387,0.12552661636115117,False,0.7374501469844776,False,0.35693247419410384,0.5148219642387827,5.715292459478506,0.40380450051203975,5.059694318946458,4.413332012678288,0.5147145960892752,0.19850196775422116,9343000000.0,1.1661694510739857
"Upstart Holdings, Inc.",UPST,Credit Services,2023,508119000.0,,,,,39600000.0,-240132000.0,377324000.0,55337000.0,0.0,,2017100000.0,,1381795000.0,387425000.0,652999000.0,1040424000.0,635305000.0,-111712000.0,-118455000.0,165487000.0,-12086000.0,1.0,Credit Performance Deterioration & Loan Impairment,2023.0,,,,-0.4725900822445136,,-0.1190481384165386,-0.37797908091389176,False,1.6376763916544022,False,0.5158018938079421,0.685040404541173,,0.25190570621188835,,9.1822650306305,,-0.10737161003590844,-99626000.0,0.4652108007262672
"Upstart Holdings, Inc.",UPST,Credit Services,2024,628834000.0,,,,,48127000.0,-128581000.0,793607000.0,126557000.0,0.0,,2366958000.0,,1733740000.0,195605000.0,1206563000.0,1402168000.0,633218000.0,186331000.0,-237726000.0,559871000.0,-9990000.0,0.0,,,,,,-0.20447526692259008,,-0.05432331287669659,-0.20305960980262722,False,2.2143527189688226,False,0.5923924294389676,0.7324760304154109,,0.2656718032174631,,6.9142907407611025,,0.1328877852012027,196321000.0,-1.449133231192789
"Upstart Holdings, Inc.",UPST,Credit Services,2025,1023985000.0,,,,,51536000.0,53601000.0,657445000.0,256805000.0,0.0,,2974805000.0,,2175990000.0,97333000.0,1731812000.0,1829145000.0,798815000.0,-147725000.0,-177171000.0,405645000.0,-18407000.0,0.0,,,,,,0.05234549334218763,,0.018018323890137338,0.06710064282718778,False,2.2898230503933954,False,0.6148789584527389,0.731473155383294,,0.3442192009224134,,5.342130936295199,,-0.08076177667708137,-129318000.0,-2.756012014701218
Visa Inc.,V,Credit Services,2023,32653000000.0,6567000000.0,26086000000.0,21927000000.0,22624000000.0,644000000.0,17273000000.0,16286000000.0,4474000000.0,0.0,33532000000.0,90499000000.0,23098000000.0,51766000000.0,0.0,20463000000.0,20463000000.0,38733000000.0,20755000000.0,-2006000000.0,-17772000000.0,-1059000000.0,0.0,,,1.451727422287644,1.451727422287644,0.7050826911420902,0.5289866168499066,0.6715156340918139,0.19086398744737512,0.44595048150156197,False,0.5283091937107892,False,0.22611299572370966,0.5720063205118289,34.048136645962735,0.3608106166918971,,7.298390701832812,0.8985626461165469,1.0142696574304844,21814000000.0,1.2015862907427777
Visa Inc.,V,Credit Services,2024,35926000000.0,7042000000.0,28884000000.0,24057000000.0,25591000000.0,641000000.0,19743000000.0,11975000000.0,7015000000.0,0.0,34033000000.0,94511000000.0,26517000000.0,55374000000.0,0.0,20836000000.0,20836000000.0,39137000000.0,19950000000.0,-1926000000.0,-20633000000.0,-1257000000.0,0.0,,,1.2834408115548517,1.2834408115548517,0.45159708866010484,0.5495462895952792,0.6696264543784446,0.2088963189470009,0.504458696374275,False,0.5323862329764673,False,0.22046111034694374,0.5859000539619726,37.53042121684867,0.3801250648072711,,6.253982069805901,0.752347550627899,0.9574774428873104,21207000000.0,1.0104847287646255
Visa Inc.,V,Credit Services,2025,40000000000.0,7855000000.0,32145000000.0,26556000000.0,26003000000.0,589000000.0,20058000000.0,17164000000.0,7317000000.0,0.0,37766000000.0,99627000000.0,35048000000.0,61718000000.0,5569000000.0,19602000000.0,25171000000.0,37909000000.0,23059000000.0,708000000.0,-18963000000.0,-1482000000.0,0.0,,,1.0775507874914403,1.0775507874914403,0.48972837251769,0.50145,0.6639,0.20133096449757595,0.5291091825160252,False,0.6639848057189586,False,0.2526523934274845,0.6194907003121644,45.08658743633277,0.4014975859957642,,5.58191459670667,0.6579262725405158,0.9160939176035915,24541000000.0,1.1496161132715126
"Warner Bros. Discovery, Inc.",WBD,Entertainment,2023,41321000000.0,24526000000.0,16795000000.0,-886000000.0,22367000000.0,2221000000.0,-3126000000.0,3780000000.0,7312000000.0,0.0,14218000000.0,122757000000.0,15332000000.0,76285000000.0,1780000000.0,41889000000.0,43669000000.0,45226000000.0,7477000000.0,-1259000000.0,-5837000000.0,-1316000000.0,1.0,Massive Goodwill Impairment ($9.1B) & Debt Burden,2024.0,0.9273415079572137,0.9273415079572137,0.24654317766762326,-0.07565160572106193,-0.021441881851842887,-0.02546494293604438,-0.06911953301198426,False,0.9655729005439349,False,0.3557353144830845,0.6214309570940965,-0.39891940567312023,0.3366080956686788,,5.651121444201313,0.48767284111661885,0.17121985848084453,8793000000.0,-2.391874600127959
"Warner Bros. Discovery, Inc.",WBD,Entertainment,2024,39321000000.0,22970000000.0,16351000000.0,18000000.0,11612000000.0,2017000000.0,-11311000000.0,5312000000.0,5926000000.0,0.0,14078000000.0,104560000000.0,15810000000.0,69622000000.0,2748000000.0,36757000000.0,39505000000.0,34037000000.0,5375000000.0,-349000000.0,-3749000000.0,-948000000.0,1.0,Massive Goodwill Impairment ($9.1B) & Debt Burden,2024.0,0.8904490828589501,0.8904490828589501,0.3359898798228969,-0.2876579944558887,0.00045777065690089265,-0.10817712318286152,-0.33231483385727295,False,1.160648705820137,False,0.3778213465952563,0.6658569242540169,0.008924144769459593,0.37606159143075746,,5.940625472125698,0.33997469955724224,0.1360587267434502,6323000000.0,-0.47520113164176464
"Warner Bros. Discovery, Inc.",WBD,Entertainment,2025,37296000000.0,20885000000.0,16411000000.0,1309000000.0,21263000000.0,2085000000.0,727000000.0,4566000000.0,6366000000.0,0.0,13206000000.0,100085000000.0,12500000000.0,62919000000.0,139000000.0,32428000000.0,32567000000.0,35919000000.0,4319000000.0,-1179000000.0,-4240000000.0,-1231000000.0,0.0,,,1.05648,1.05648,0.36528,0.01949270699270699,0.0350975975975976,0.007263825748114103,0.020239984409365516,False,0.9066789164509034,False,0.3253934155967428,0.6286556427037019,0.6278177458033574,0.37264325323475045,,6.068337129840547,0.34552,0.13261890871127216,5550000000.0,5.940852819807428
Walmart Inc.,WMT,Discount Stores,2023,611289000000.0,463721000000.0,147568000000.0,20428000000.0,30089000000.0,2128000000.0,11680000000.0,8625000000.0,7933000000.0,56576000000.0,75655000000.0,243197000000.0,92198000000.0,159206000000.0,4563000000.0,34649000000.0,39212000000.0,76693000000.0,28841000000.0,-17722000000.0,-17039000000.0,-16857000000.0,0.0,,,0.8205709451398078,0.20693507451354692,0.09354866699928414,0.01910716535059522,0.03341790871420883,0.04802690822666398,0.15229551588802107,False,0.5112852541952981,False,0.16123554155684486,0.65463800951492,9.599624060150376,2.5135548547062667,8.19642604638009,77.05647296104878,0.31281589622334544,0.7355146383760074,45698000000.0,2.469263698630137
Walmart Inc.,WMT,Discount Stores,2024,648125000000.0,490142000000.0,157983000000.0,27012000000.0,36384000000.0,2683000000.0,15511000000.0,9867000000.0,8796000000.0,54892000000.0,76877000000.0,252399000000.0,92415000000.0,161828000000.0,4325000000.0,36132000000.0,40457000000.0,83861000000.0,35726000000.0,-21287000000.0,-13414000000.0,-20606000000.0,0.0,,,0.8318671211383434,0.23789428123140183,0.10676838175620841,0.023932111861137896,0.0416771456123433,0.0614542846841707,0.18496082803687053,False,0.4824292579387319,False,0.1602898585176645,0.641159434070658,10.067834513604174,2.5678588266989966,8.794308680518176,77.4852053320581,0.38658226478385543,0.8830610277578663,56332000000.0,2.303268648056218
Walmart Inc.,WMT,Discount Stores,2025,680985000000.0,511753000000.0,169232000000.0,29348000000.0,42010000000.0,2728000000.0,19436000000.0,9037000000.0,9975000000.0,56435000000.0,79458000000.0,260823000000.0,96584000000.0,163131000000.0,5666000000.0,33401000000.0,39067000000.0,91013000000.0,36443000000.0,-21379000000.0,-14822000000.0,-23783000000.0,0.0,,,0.8226828460200447,0.2383728153731467,0.09356622214859604,0.028541010448100913,0.04309639713062696,0.07451796812397679,0.2135519101666795,False,0.42924637139749267,False,0.14978356970052487,0.6254471423149032,10.758064516129032,2.610908547175671,9.193690659049468,72.5571360076714,0.37731922471630913,0.9328333375995085,60226000000.0,1.8750257254579132
ExxonMobil Holdings Corporation,XOM,Oil & Gas Integrated,2023,334697000000.0,250555000000.0,84142000000.0,44461000000.0,74273000000.0,849000000.0,36010000000.0,31539000000.0,38015000000.0,25120000000.0,96609000000.0,376317000000.0,65316000000.0,163779000000.0,4090000000.0,33645000000.0,37735000000.0,204802000000.0,55369000000.0,-19274000000.0,-34297000000.0,-21919000000.0,0.0,,,1.4791015983832445,1.0945097678976055,0.4828679037295609,0.10758984992396108,0.1328395533870934,0.0956906012749889,0.17582836105116162,False,0.18425113036005508,False,0.1002745026134881,0.43521552308293276,52.36866902237927,0.889401754371979,9.974323248407643,8.804340391950547,0.8477095964235409,1.4673115145090765,77288000000.0,1.537600666481533
ExxonMobil Holdings Corporation,XOM,Oil & Gas Integrated,2024,339247000000.0,262505000000.0,76742000000.0,39652000000.0,73311000000.0,996000000.0,33680000000.0,23029000000.0,43681000000.0,23524000000.0,91990000000.0,453475000000.0,70307000000.0,182869000000.0,4955000000.0,32804000000.0,37759000000.0,263705000000.0,55022000000.0,-19938000000.0,-42789000000.0,-24306000000.0,0.0,,,1.3084045685351386,0.9738148406275335,0.32754917718008164,0.09927869664285904,0.11688238952739449,0.07427090798831247,0.12771847329402172,False,0.14318651523482678,False,0.0832658911737141,0.403261480787254,39.81124497991968,0.7481051877170737,10.792903544116438,8.305106737171954,0.7825963275349539,1.45718901453958,79328000000.0,1.6336698337292161
ExxonMobil Holdings Corporation,XOM,Oil & Gas Integrated,2025,323905000000.0,252665000000.0,71240000000.0,33938000000.0,67864000000.0,603000000.0,28844000000.0,10681000000.0,44562000000.0,26302000000.0,83382000000.0,448980000000.0,72330000000.0,182354000000.0,9296000000.0,27928000000.0,37224000000.0,259386000000.0,51970000000.0,-25927000000.0,-39081000000.0,-28358000000.0,0.0,,,1.1527996681874741,0.7891607908198535,0.1476703995575833,0.08905080193266544,0.10477763541779225,0.06424339614236714,0.11120106713546606,False,0.14350813073951563,False,0.08290792462915943,0.40615172168025304,56.281923714759536,0.7214241168871665,10.14189379039056,7.341205534716635,0.7185123738421125,1.3961422738018483,80328000000.0,1.8017611981694632
