Company Name,Ticker,Industry,Year,Revenue,Cost of Sales / COGS,Gross Profit,Operating Profit / EBIT,EBITDA,Interest Expense,Net Income,Cash & Cash Equivalents,Accounts Receivable,Inventory,Current Assets,Total Assets,Current Liabilities,Total Liabilities,Short-Term Debt,Long-Term Debt,Total Debt,Total Equity,Operating Cash Flow,Investing Cash Flow,Financing Cash Flow,Capital Expenditure,Distress Status,Distress Event,Distress Event Year,Current Ratio,Quick Ratio,Cash Ratio,Net Profit Margin,EBIT Margin,ROA,ROE,ROE_negative_equity_flag,Debt-to-Equity,Debt-to-Equity_negative_equity_flag,Debt Ratio,Liabilities-to-Assets,Interest Coverage,Asset Turnover,Inventory Turnover,Receivables Turnover,Operating Cash Flow Ratio,CFO to Debt,Free Cash Flow,CFO to Net Income,Revenue Growth,Net Income Growth,EBIT Growth,Total Debt Growth,Asset Growth,ROA Change,ROE Change,Current Ratio Change,Debt-to-Equity Change,Interest Coverage Change,Operating Cash Flow Change,Free Cash Flow Change,Flag: ROA Declining,Flag: Revenue Declining,Flag: Debt Increasing,Flag: Interest Coverage Declining,Flag: Operating Cash Flow Negative,Flag: Free Cash Flow Negative,Flag: Current Ratio Declining,Flag: Debt-to-Equity Increasing,Deterioration Score (0-8),Target: Distress Next Year
"American Airlines Group, Inc.",AAL,Airlines,2023,52788000000.0,40978000000.0,11810000000.0,4005000000.0,5520000000.0,2145000000.0,822000000.0,578000000.0,2026000000.0,2400000000.0,13572000000.0,63058000000.0,22062000000.0,68260000000.0,3501000000.0,28895000000.0,32396000000.0,-5202000000.0,3803000000.0,-502000000.0,-3206000000.0,-2596000000.0,1.0,Negative Stockholder Equity / Excessive Leverage,2023.0,0.6151754147402774,0.5063910796845255,0.0261988940259269,0.0155717208456467,0.0758695157990452,0.0130356180024739,-0.1580161476355248,True,-6.227604767397155,True,0.513749246725237,1.0824954803514224,1.867132867132867,0.8371340670493831,17.074166666666667,26.05528134254689,0.1723778442570936,0.1173910359303617,6399000000.0,4.626520681265207,,,,,,,,,,,,,False,False,False,False,False,False,False,False,0,0.0
"American Airlines Group, Inc.",AAL,Airlines,2024,54211000000.0,42746000000.0,11465000000.0,3224000000.0,5333000000.0,1934000000.0,846000000.0,804000000.0,2006000000.0,2638000000.0,13154000000.0,61783000000.0,24295000000.0,65760000000.0,5270000000.0,24617000000.0,29887000000.0,-3977000000.0,3983000000.0,-968000000.0,-2794000000.0,-2683000000.0,0.0,,,0.5414282774233381,0.432846264663511,0.0330932290594772,0.0156056888823301,0.0594713250078397,0.0136930870951556,-0.2127231581594166,True,-7.514961025898919,True,0.4837414822847709,1.0643704578929478,1.667011375387797,0.8774420147937135,16.96943231441048,26.890376984126984,0.1639431981889277,0.1332686452303677,6666000000.0,4.708037825059102,0.026956884140334925,0.029197080291970802,-0.19500624219725343,-0.0774478330658106,-0.02021948047828983,0.0006574690926816999,-0.05470701052389179,-0.07374713731693927,-1.287356258501764,-0.20012149174507,0.047331054430712595,0.04172526957337084,False,False,False,True,False,False,True,False,2,0.0
"American Airlines Group, Inc.",AAL,Airlines,2025,54633000000.0,44162000000.0,10471000000.0,1626000000.0,4125000000.0,1716000000.0,111000000.0,954000000.0,2075000000.0,2792000000.0,12205000000.0,61774000000.0,24492000000.0,65501000000.0,4555000000.0,24639000000.0,29194000000.0,-3727000000.0,3099000000.0,-1894000000.0,-1051000000.0,-3779000000.0,0.0,,,0.4983259839947738,0.3843295770047362,0.0389514943655071,0.0020317390588106,0.0297622316182527,0.0017968724706187,-0.0297826670244164,True,-7.833109739737054,True,0.4725936478129957,1.0603328261080711,0.9475524475524476,0.8844012043901965,16.265930018416206,26.77432001960304,0.126531112199902,0.1061519490306227,6878000000.0,27.91891891891892,0.007784398000405822,-0.8687943262411347,-0.4956575682382134,-0.02318733897681266,-0.00014567113931016624,-0.0118962146245369,0.1829404911350002,-0.04310229342856431,-0.31814871383813514,-0.7194589278353495,-0.22194325885011298,0.0318031803180318,True,False,False,True,False,False,True,False,3,
Apple Inc.,AAPL,Consumer Electronics,2023,383285000000.0,214137000000.0,169148000000.0,114301000000.0,125820000000.0,3933000000.0,96995000000.0,29965000000.0,60985000000.0,6331000000.0,143566000000.0,352583000000.0,145308000000.0,290437000000.0,15807000000.0,95281000000.0,111088000000.0,62146000000.0,110543000000.0,3705000000.0,-108488000000.0,-10959000000.0,0.0,,,0.9880116717592976,0.9444421504665952,0.206217138767308,0.2530623426432028,0.2982141226502472,0.2750983456377647,1.5607601454639075,False,1.7875325845589418,False,0.3150690759338936,0.8237407929480435,29.062039155860667,1.087077369016657,33.82356657716001,6.284906124456834,0.7607495802020535,0.995093979547746,121502000000.0,1.1396773029537606,,,,,,,,,,,,,False,False,False,False,False,False,False,False,0,0.0
Apple Inc.,AAPL,Consumer Electronics,2024,391035000000.0,210352000000.0,180683000000.0,123216000000.0,134661000000.0,,93736000000.0,29943000000.0,66243000000.0,7286000000.0,152987000000.0,364980000000.0,176392000000.0,308030000000.0,20879000000.0,85750000000.0,106629000000.0,56950000000.0,118254000000.0,2935000000.0,-121983000000.0,-9447000000.0,0.0,,,0.8673125765340832,0.8260068483831466,0.1697525964896367,0.2397125576994386,0.3151022287007556,0.2568250315085758,1.6459350307287095,False,1.872326602282704,False,0.2921502548084826,0.8439640528248123,,1.0713874732862074,30.89549827421605,6.146995944288993,0.6704045534944896,1.109022873702276,127701000000.0,1.2615643936161134,0.020219940775141214,-0.033599670086086914,0.07799581805933456,-0.0401393489845888,0.035160515396374756,-0.018273314129188922,0.08517488526480199,-0.12069909522521438,0.08479401772376227,,0.06975566069312394,0.051019736300637025,True,False,False,False,False,False,True,True,3,0.0
Apple Inc.,AAPL,Consumer Electronics,2025,416161000000.0,220960000000.0,195201000000.0,133050000000.0,144748000000.0,,112010000000.0,35934000000.0,72957000000.0,5718000000.0,147957000000.0,359241000000.0,165631000000.0,285508000000.0,20329000000.0,78328000000.0,98657000000.0,73733000000.0,111482000000.0,15195000000.0,-120686000000.0,-12715000000.0,0.0,,,0.8932929222186667,0.858770399261008,0.2169521406016989,0.2691506412181824,0.3197079976259188,0.3117962593356549,1.5191298333175105,False,1.3380304612588665,False,0.2746262258483859,0.7947533828265705,,1.1584451663368045,33.98338972623808,5.979324712643678,0.6730744848488508,1.1299958441874374,124197000000.0,0.995286135166503,0.0642551178283274,0.19495177946573355,0.07981106349824699,-0.07476390100254152,-0.015724149268453065,0.05497122782707914,-0.126805197411199,0.025980345684583517,-0.5342961410238376,,-0.05726656180763441,-0.02743909601334367,False,False,False,False,False,False,False,False,0,
AbbVie Inc.,ABBV,Drug Manufacturers - General,2023,54318000000.0,20415000000.0,33903000000.0,13535000000.0,17172000000.0,2224000000.0,4863000000.0,12814000000.0,11155000000.0,4099000000.0,33002000000.0,134711000000.0,37841000000.0,124314000000.0,7191000000.0,52194000000.0,59385000000.0,10360000000.0,22839000000.0,-2009000000.0,-17222000000.0,-777000000.0,0.0,,,0.8721228297349436,0.7638011680452419,0.3386274147089136,0.0895283331492323,0.2491807503958172,0.0360995018966528,0.4694015444015444,False,5.732142857142857,False,0.4408325971895391,0.9228199627350402,6.085881294964029,0.4032187423447231,4.980483044645036,4.869385925593904,0.6035517031790915,0.3845920687042182,23616000000.0,4.696483652066625,,,,,,,,,,,,,False,False,False,False,False,False,False,False,0,0.0
AbbVie Inc.,ABBV,Drug Manufacturers - General,2024,56334000000.0,16904000000.0,39430000000.0,11894000000.0,14910000000.0,2808000000.0,4278000000.0,5524000000.0,10919000000.0,4181000000.0,25582000000.0,135161000000.0,38749000000.0,131797000000.0,6804000000.0,60340000000.0,67144000000.0,3325000000.0,18806000000.0,-20820000000.0,-5211000000.0,-974000000.0,0.0,,,0.6601976825208392,0.5522981238225503,0.1425585176391648,0.0759399297049739,0.2111335960521177,0.0316511419714266,1.2866165413533834,False,20.19368421052632,False,0.4967705181228313,0.9751111637232632,4.235754985754986,0.4167918260444951,4.0830917874396135,5.104104376189182,0.4853286536426746,0.2800845943047778,19780000000.0,4.395979429640018,0.03711476858499945,-0.1202961135101789,-0.12124122644994459,0.13065588953439422,0.003340484444477437,-0.0044483599252262,0.817214996951839,-0.21192514721410438,14.461541353383463,-1.8501263092090428,-0.1765839134813258,-0.16243224932249323,True,False,True,True,False,False,True,True,5,0.0
AbbVie Inc.,ABBV,Drug Manufacturers - General,2025,61160000000.0,18204000000.0,42956000000.0,20091000000.0,17629000000.0,2893000000.0,4226000000.0,5229000000.0,12589000000.0,4951000000.0,29062000000.0,133960000000.0,43289000000.0,137188000000.0,8555000000.0,58941000000.0,67496000000.0,-3270000000.0,19030000000.0,-6643000000.0,-12724000000.0,-1214000000.0,0.0,,,0.6713483794959458,0.5569775231583081,0.1207928111067476,0.0690974493132766,0.3284990189666448,0.0315467303672738,-1.292354740061162,True,-20.64097859327217,True,0.5038518960883845,1.0240967452971037,6.944694089180781,0.4565541952821738,3.9868593955321945,5.203335034881742,0.4396035944466261,0.2819426336375489,20244000000.0,4.503076194983436,0.08566762523520431,-0.012155212716222535,0.6891710105935765,0.005242463958060288,-0.008885699277158352,-0.00010441160415280287,-2.578971281414545,0.011150696975106622,-40.834662803798494,2.708939103425795,0.011911092204615548,0.023458038422649142,True,False,True,False,False,False,False,False,2,
Abbott Laboratories,ABT,Medical Devices,2023,40109000000.0,17975000000.0,22134000000.0,6478000000.0,10544000000.0,637000000.0,5723000000.0,6896000000.0,8821000000.0,6570000000.0,22670000000.0,73214000000.0,13841000000.0,34387000000.0,1080000000.0,13599000000.0,14679000000.0,38603000000.0,7261000000.0,-3133000000.0,-7091000000.0,-2202000000.0,0.0,,,1.6378874358789104,1.1632107506683045,0.4982298966837656,0.1426861801590665,0.1615098855618439,0.0781681099243314,0.1482527264720358,False,0.3802554205631687,False,0.2004944409539159,0.4696779304504603,10.169544740973311,0.5478323817849046,2.7359208523592087,4.546990137172656,0.5246008236399105,0.4946522242659582,9463000000.0,1.2687401712388608,,,,,,,,,,,,,False,False,False,False,False,False,False,False,0,0.0
Abbott Laboratories,ABT,Medical Devices,2024,41950000000.0,18706000000.0,23244000000.0,6825000000.0,10790000000.0,559000000.0,13402000000.0,7616000000.0,9495000000.0,6194000000.0,23656000000.0,81414000000.0,14157000000.0,33513000000.0,1500000000.0,12625000000.0,14125000000.0,47664000000.0,8558000000.0,-2338000000.0,-5404000000.0,-2207000000.0,0.0,,,1.6709754891573074,1.233453415271597,0.5379670834216289,0.3194755661501788,0.1626936829558999,0.1646154224089223,0.2811765693185633,False,0.2963452500839207,False,0.1734959589259832,0.4116368192202815,12.209302325581396,0.5152676443854866,2.931056095267941,4.580694474776152,0.6045066045066045,0.6058761061946902,10765000000.0,0.6385614087449635,0.04589992271061358,1.3417787873492923,0.053565915405989505,-0.0377409905306901,0.11200043707487639,0.0864473124845909,0.13292384284652747,0.033088053278397034,-0.08391017047924798,2.0397575846080844,0.1786255336730478,0.13758850258903096,False,False,False,False,False,False,False,False,0,0.0
Abbott Laboratories,ABT,Medical Devices,2025,44328000000.0,19319000000.0,25009000000.0,8053000000.0,12075000000.0,493000000.0,6524000000.0,8522000000.0,10569000000.0,6488000000.0,25996000000.0,86713000000.0,16496000000.0,33942000000.0,3033000000.0,9896000000.0,12929000000.0,52130000000.0,9566000000.0,-2422000000.0,-6309000000.0,-2171000000.0,0.0,,,1.5758971871968963,1.1825897187196897,0.5166100872938895,0.1471756000721891,0.181668471395055,0.0752367003794125,0.125148666794552,False,0.2480145789372722,False,0.1491010575115611,0.3914291974675077,16.33468559837728,0.5112036257539239,3.0466803343321245,4.41866028708134,0.579898157129001,0.7398870755665558,11737000000.0,1.4662783568362967,0.0566865315852205,-0.513206984032234,0.17992673992673994,-0.08467256637168141,0.06508708575920603,-0.08937872202950979,-0.15602790252401127,-0.09507830196041112,-0.04833067114664852,4.125383272795885,0.11778452909558308,0.09029261495587552,True,False,False,False,False,False,True,False,2,
Adobe Inc.,ADBE,Software - Application,2023,19409000000.0,2354000000.0,17055000000.0,6650000000.0,7784000000.0,113000000.0,5428000000.0,7141000000.0,2224000000.0,0.0,11084000000.0,29779000000.0,8251000000.0,13261000000.0,73000000.0,3634000000.0,3707000000.0,16518000000.0,7302000000.0,776000000.0,-5182000000.0,-360000000.0,0.0,,,1.3433523209307965,1.3433523209307965,0.8654708520179372,0.2796640733680251,0.3426245556185275,0.1822761006078108,0.3286112120111393,False,0.224421842838116,False,0.1244836965646932,0.4453138117465328,58.849557522123895,0.6517680244467577,,8.72706834532374,0.884983638346867,1.9697868896681956,7662000000.0,1.345246868091378,,,,,,,,,,,,,False,False,False,False,False,False,False,False,0,0.0
Adobe Inc.,ADBE,Software - Application,2024,21505000000.0,2358000000.0,19147000000.0,7741000000.0,7957000000.0,169000000.0,5560000000.0,7613000000.0,2072000000.0,0.0,11232000000.0,30230000000.0,10521000000.0,16125000000.0,1499000000.0,4129000000.0,5628000000.0,14105000000.0,8056000000.0,149000000.0,-7724000000.0,-183000000.0,0.0,,,1.067579127459367,1.067579127459367,0.7236004182111967,0.2585445245291792,0.3599627993489886,0.1839232550446576,0.3941864587025877,False,0.3990074441687345,False,0.1861726761495203,0.5334105193516374,45.80473372781065,0.711379424412835,,10.011638733705771,0.7657066818743465,1.431414356787491,8239000000.0,1.4489208633093524,0.10799113813179453,0.02431834929992631,0.16406015037593985,0.5182087941731859,0.015144900768998288,0.0016471544368467927,0.06557524669144843,-0.2757731934714296,0.1745856013306185,-13.044823794313245,0.10325938099150918,0.075306708431219,False,False,True,True,False,False,True,True,4,0.0
Adobe Inc.,ADBE,Software - Application,2025,23769000000.0,2551000000.0,21218000000.0,8706000000.0,9815000000.0,263000000.0,7130000000.0,5431000000.0,2344000000.0,0.0,10163000000.0,29496000000.0,10200000000.0,17873000000.0,77000000.0,6210000000.0,6287000000.0,11623000000.0,10031000000.0,-1187000000.0,-11060000000.0,-179000000.0,0.0,,,0.9963725490196078,0.9963725490196078,0.5324509803921569,0.2999705498758888,0.3662754007320459,0.2417276918904258,0.6134388712036479,False,0.5409102641314635,False,0.2131475454298887,0.6059465690263086,33.10266159695818,0.8058380797396257,,10.764945652173912,0.9834313725490196,1.5955145538412598,10210000000.0,1.4068723702664796,0.10527784236224134,0.2823741007194245,0.12466089652499678,0.11709310589907605,-0.024280516043665233,0.05780443684576822,0.2192524125010602,-0.07120657843975908,0.14190281996272897,-12.702072130852471,0.2451588877855015,0.2392280616579682,False,False,True,True,False,False,True,True,4,
"AMC Entertainment Holdings, Inc",AMC,Entertainment,2023,4812600000.0,1606400000.0,3206200000.0,39100000.0,383000000.0,411200000.0,-396600000.0,884300000.0,205200000.0,39500000.0,1203100000.0,9009200000.0,1632400000.0,10857100000.0,25100000.0,4552300000.0,4577400000.0,-1847900000.0,-215200000.0,-180100000.0,649300000.0,-229600000.0,1.0,Severe Debt Restructuring & Dilution,2023.0,0.737012987012987,0.712815486400392,0.5417177162460182,-0.0824086772222914,0.0081245065037609,-0.0440216667406651,0.2146220033551599,True,-2.4770820931868607,True,0.5080806286906717,1.2051125516139058,0.0950875486381322,0.5341872752297652,40.66835443037974,23.453216374269005,-0.1318304337172261,-0.0470135885000218,14400000.0,0.5426122037317196,,,,,,,,,,,,,False,False,False,False,True,False,False,False,1,0.0
"AMC Entertainment Holdings, Inc",AMC,Entertainment,2024,4637200000.0,1544800000.0,3092400000.0,-6800000.0,412700000.0,443700000.0,-352600000.0,632300000.0,169500000.0,51200000.0,947200000.0,8247500000.0,1744800000.0,10008000000.0,64200000.0,4010900000.0,4075100000.0,-1760500000.0,-50800000.0,-242900000.0,68400000.0,-245500000.0,0.0,,,0.5428702430077946,0.5135259055479138,0.3623911049977075,-0.0760372638661261,-0.0014664021392219,-0.0427523491967262,0.200284010224368,True,-2.314740130644703,True,0.4941012428008487,1.2134586238254017,-0.0153256704980842,0.5622552288572294,34.063947078280044,24.75153456098212,-0.0291150848234754,-0.0124659517557851,194700000.0,0.1440726035167328,-0.03644599592735735,0.11094301563287948,-1.173913043478261,-0.10973478393848037,-0.08454690760555876,0.0012693175439388998,-0.014337993130791898,-0.19414274400519238,0.1623419625421576,-0.11041321913621639,0.7639405204460966,12.520833333333334,False,True,False,True,True,False,True,True,5,0.0
"AMC Entertainment Holdings, Inc",AMC,Entertainment,2025,4848900000.0,1602200000.0,3246700000.0,40500000.0,215700000.0,530200000.0,-632400000.0,428500000.0,157300000.0,42600000.0,730500000.0,8017800000.0,1772300000.0,9912600000.0,19900000.0,4018600000.0,4038500000.0,-1894800000.0,-119800000.0,-221600000.0,125200000.0,-246100000.0,0.0,,,0.4121762681261637,0.3881397054674717,0.2417762229870789,-0.1304213326733898,0.0083524098249087,-0.0788745042280924,0.3337555414819506,True,-2.131359510238548,True,0.503691785776647,1.236324178702387,0.0763862693323274,0.604766893661603,34.16204690831557,29.675030599755203,-0.0675957794955707,-0.0296644793859106,126300000.0,0.1894370651486401,0.04565254895195377,-0.7935337492909813,6.955882352941177,-0.008981374690191652,-0.027850863898150956,-0.036122155031366204,0.13347153125758257,-0.13069397488163093,0.183380620406155,0.09171193983041159,-1.358267716535433,-0.35130970724191063,True,False,False,False,True,False,True,True,4,
"Amazon.com, Inc.",AMZN,Internet Retail,2023,574785000000.0,304739000000.0,270046000000.0,36852000000.0,89402000000.0,3182000000.0,30425000000.0,73387000000.0,52253000000.0,33318000000.0,172351000000.0,527854000000.0,164917000000.0,325979000000.0,0.0,58314000000.0,58314000000.0,201875000000.0,84946000000.0,-49833000000.0,-15879000000.0,-52729000000.0,0.0,,,1.0450772206625152,0.8430483212767634,0.4449935422060794,0.0529328357559783,0.0641144079960333,0.0576390441296267,0.1507120743034055,False,0.2888619195046439,False,0.1104737294782269,0.6175552330758126,11.581395348837209,1.0889090543976174,9.146377333573444,11.000038275314337,0.5150833449553411,1.4566999348355454,137675000000.0,2.791980279375513,,,,,,,,,,,,,False,False,False,False,False,False,False,False,0,0.0
"Amazon.com, Inc.",AMZN,Internet Retail,2024,637959000000.0,326288000000.0,311671000000.0,68593000000.0,123815000000.0,2406000000.0,59248000000.0,78779000000.0,55451000000.0,34214000000.0,190867000000.0,624894000000.0,179431000000.0,338924000000.0,0.0,52623000000.0,52623000000.0,285970000000.0,115877000000.0,-94342000000.0,-11812000000.0,-82999000000.0,0.0,,,1.063734806137178,0.8730542659852534,0.4390489937636194,0.0928711719718665,0.1075194487420038,0.0948128802644928,0.2071825715984194,False,0.1840158058537608,False,0.084211082199541,0.5423703860174686,28.5091438071488,1.020907545919788,9.663211514541254,11.84652380598678,0.645802564774203,2.2020219295745207,198876000000.0,1.9557959762354848,0.10990892246666145,0.9473459326211997,0.8613101052860089,-0.09759234489144973,0.1838387129774521,0.037173836134866106,0.05647049729501391,0.018657585474662897,-0.10484611365088312,16.92774845831159,0.36412544439997174,0.4445324132921736,False,False,False,False,False,False,False,False,0,0.0
"Amazon.com, Inc.",AMZN,Internet Retail,2025,716924000000.0,356414000000.0,360510000000.0,79975000000.0,165341000000.0,2274000000.0,77670000000.0,86810000000.0,67729000000.0,38325000000.0,229083000000.0,818042000000.0,218005000000.0,406977000000.0,0.0,65648000000.0,65648000000.0,411065000000.0,139514000000.0,-142545000000.0,9661000000.0,-131819000000.0,0.0,,,1.0508153482718283,0.8750166280589895,0.398201876103759,0.1083378433418326,0.1115529679575519,0.094946225254938,0.1889482198679041,False,0.1597022368725141,False,0.0802501583048303,0.4975013507863899,35.16930518909411,0.8763902097936291,9.826824191124777,11.64026627699302,0.6399577991330474,2.125182793078236,271333000000.0,1.796240504699369,0.12377754683294695,0.3109303267620848,0.1659352995203592,0.2475153450012352,0.3090892215319718,0.00013334499044519166,-0.018234351730515297,-0.01291945786534976,-0.024313568981246703,6.660161381945311,0.20398353426478075,0.36433254892495825,False,False,True,False,False,False,True,False,2,
BlackBerry Limited,BB,Software - Infrastructure,2023,526300000.0,159700000.0,366600000.0,-69600000.0,-90700000.0,6400000.0,-734400000.0,295000000.0,135000000.0,0.0,743000000.0,1679000000.0,729000000.0,822000000.0,367000000.0,52000000.0,419000000.0,857000000.0,-262200000.0,175200000.0,6000000.0,-40900000.0,1.0,Strategic Review & Debt Refinancing,2024.0,1.01920438957476,1.01920438957476,0.4046639231824417,-1.3954018620558617,-0.1322439673190195,-0.4374032162001191,-0.8569428238039674,False,0.4889148191365227,False,0.2495533055390113,0.4895771292435973,-10.875,0.3134603930911256,,3.8985185185185194,-0.3596707818930041,-0.6257756563245823,-221300000.0,0.3570261437908497,,,,,,,,,,,,,False,False,False,False,True,True,False,False,2,1.0
BlackBerry Limited,BB,Software - Infrastructure,2024,759100000.0,268400000.0,490700000.0,45600000.0,93900000.0,5600000.0,-130200000.0,175100000.0,223700000.0,0.0,507500000.0,1395000000.0,356900000.0,619900000.0,19600000.0,194100000.0,213700000.0,775100000.0,-3500000.0,46600000.0,-165100000.0,-20900000.0,1.0,Strategic Review & Debt Refinancing,2024.0,1.421966937517512,1.421966937517512,0.4906136172597366,-0.1715189039652219,0.0600711368726123,-0.0933333333333333,-0.1679783253773706,False,0.2757063604696168,False,0.153189964157706,0.4443727598566308,8.142857142857142,0.5441577060931899,,4.232506272651241,-0.0098066685346035,-0.0163781001403837,17400000.0,0.0268817204301075,0.44233326999809996,0.8227124183006536,1.6551724137931034,-0.4899761336515513,-0.16914830256104824,0.34406988286678586,0.6889644984265968,0.4027625479427519,-0.2132084586669059,19.017857142857142,0.986651411136537,1.078626299141437,False,False,False,False,True,False,False,False,1,0.0
BlackBerry Limited,BB,Software - Infrastructure,2025,534900000.0,140000000.0,394900000.0,13100000.0,59200000.0,6000000.0,-79000000.0,266700000.0,223700000.0,0.0,591500000.0,1295600000.0,344300000.0,575700000.0,15000000.0,195300000.0,210300000.0,719900000.0,16500000.0,60700000.0,3100000.0,-10100000.0,0.0,,,1.7179785071158873,1.7179785071158873,0.7746151611966309,-0.1476911572256496,0.0244905589829874,-0.0609756097560975,-0.1097374635366023,False,0.2921239060980691,False,0.1623186168570546,0.4443501080580426,2.183333333333333,0.4128589070700834,,2.391148860080465,0.047923322683706,0.0784593437945791,26600000.0,-0.2088607594936709,-0.2953497562903438,0.3932411674347158,-0.7127192982456141,-0.015910154422087038,-0.07125448028673835,0.0323577235772358,0.05824086184076829,0.2960115695983754,0.016417545628452324,-5.959523809523809,5.714285714285714,0.5287356321839081,False,True,False,True,False,False,False,True,3,
Blink Charging Co.,BLNK,Engineering & Construction,2023,140129000.0,100392000.0,39737000.0,-105340000.0,-186212000.0,3546000.0,-203693000.0,98721000.0,45447000.0,47942000.0,221734000.0,428519000.0,69701000.0,139122000.0,6792000.0,7188000.0,13980000.0,289397000.0,-97570000.0,-36210000.0,197315000.0,-8580000.0,1.0,Operating Cash Deficit / Restructuring Plan,2024.0,3.1812169122394227,2.4933932081318777,1.41634983716159,-1.453610601659899,-0.7517359004916898,-0.4753418168155904,-0.7038531843799348,False,0.0483073425087336,False,0.0326239910015658,0.324657716460647,-29.70671178793006,0.3270076706050373,2.094030286596304,3.083349836072788,-1.3998364442403983,-6.97925608011445,-88990000.0,0.4790051695443633,,,,,,,,,,,,,False,False,False,False,True,True,False,False,2,1.0
Blink Charging Co.,BLNK,Engineering & Construction,2024,122989000.0,86392000.0,36597000.0,-73298000.0,-187480000.0,431000.0,-201318000.0,41774000.0,42072000.0,36608000.0,139480000.0,215026000.0,59468000.0,99510000.0,265000.0,7259000.0,7524000.0,115516000.0,-48291000.0,5277000.0,-12419000.0,-8617000.0,1.0,Operating Cash Deficit / Restructuring Plan,2024.0,2.345463106208381,1.7298715275442256,0.7024618282101298,-1.636878094788965,-0.595971997495711,-0.9362495698194636,-1.7427715641123307,False,0.0651338342740399,False,0.0349911173532503,0.4627812450587371,-170.06496519721577,0.5719726916744952,2.043571850975754,2.810566848341503,-0.8120501782471246,-6.418261562998405,-39674000.0,0.2398742288319971,-0.12231586609481264,0.011659703573515045,0.3041769508258971,-0.46180257510729616,-0.49821128118006436,-0.4609077530038732,-1.038918379732396,-0.8357538060310419,0.016826491765306303,-140.3582534092857,0.5050630316695706,0.5541746263625127,True,True,False,True,True,True,True,True,7,0.0
Blink Charging Co.,BLNK,Engineering & Construction,2025,103210000.0,78017000.0,25193000.0,-74679000.0,-65083000.0,,-83385000.0,39568000.0,29532000.0,14153000.0,89318000.0,147453000.0,63472000.0,82963000.0,265000.0,4868000.0,5133000.0,64490000.0,-30857000.0,8544000.0,19267000.0,-9913000.0,0.0,,,1.4072031762036803,1.1842229644567683,0.6233929921855307,-0.8079158996221296,-0.7235636081775022,-0.5655022278285284,-1.2929911614203753,False,0.0795937354628624,False,0.0348110923480702,0.562640298942714,,0.6999518490637695,3.0738953133311004,2.882799843584157,-0.4861513738341316,-6.011494252873563,-20944000.0,0.3700545661689752,-0.16081926025904755,0.5858045480284922,-0.01884089606810554,-0.31778309409888356,-0.3142550203231237,0.3707473419909352,0.4497804026919554,-0.9382599300047005,0.014459901188822497,,0.36101965169493283,0.4720975954025306,False,True,False,False,True,True,True,True,5,
"Beyond Meat, Inc.",BYND,Packaged Foods,2023,343376000.0,426031000.0,-82655000.0,-325890000.0,-282188000.0,3955000.0,-338144000.0,190505000.0,31730000.0,130336000.0,372844000.0,774450000.0,74354000.0,1287818000.0,3677000.0,1137542000.0,1141219000.0,-513368000.0,-107825000.0,-9491000.0,-550000.0,-10564000.0,1.0,Balance Sheet Restructuring / Going Concern Evaluation,2024.0,5.014444414557388,3.261532668047449,2.5621351911127848,-0.984763058571362,-0.9490762313032944,-0.4366247014009942,0.6586775957987253,True,-2.223003771173895,True,1.4735864161663117,1.662880754083543,-82.39949431099873,0.4433804635547808,3.2687131721090106,10.821809013551844,-1.4501573553541167,-0.0944823035718823,-97261000.0,0.3188730245102678,,,,,,,,,,,,,False,False,False,False,True,True,False,False,2,1.0
"Beyond Meat, Inc.",BYND,Packaged Foods,2024,326452000.0,284753000.0,41699000.0,-156124000.0,-133013000.0,4097000.0,-160278000.0,131913000.0,26862000.0,113444000.0,286456000.0,678146000.0,61453000.0,1279354000.0,4976000.0,1141476000.0,1146452000.0,-601208000.0,-98813000.0,-6232000.0,45777000.0,-11015000.0,1.0,Balance Sheet Restructuring / Going Concern Evaluation,2024.0,4.661383496330529,2.8153548240118464,2.1465672953313915,-0.490969575925404,-0.4782448874566551,-0.2363473352345955,0.2665932589054038,True,-1.906914079652965,True,1.6905681077526078,1.886546554871665,-38.10690749328777,0.4813889634385516,2.336147345967676,11.143227744401964,-1.607944282622492,-0.0861902635260787,-87798000.0,0.6165100637642097,-0.04928707888728391,0.5260066717138261,0.5209303752800024,0.004585447666048322,-0.12435147524049325,0.20027736616639868,-0.3920843368933215,-0.35306091822685826,0.3160896915209297,44.29258681771096,0.08357987479712498,0.09729490751688755,False,True,True,False,True,True,True,True,6,0.0
"Beyond Meat, Inc.",BYND,Packaged Foods,2025,275496000.0,267850000.0,7646000.0,-233346000.0,265903000.0,14028000.0,178012000.0,203890000.0,26060000.0,84032000.0,341484000.0,614747000.0,74917000.0,615744000.0,6517000.0,420806000.0,427323000.0,-997000.0,-144931000.0,-10250000.0,223410000.0,-12308000.0,0.0,,,4.558164368567882,3.4364963893375333,2.7215451766621728,0.6461509423004327,-0.8470032232772889,0.289569530229509,-178.54764292878636,True,-428.60882647943833,True,0.695120106320161,1.001621805393113,-16.634302822925576,0.4481453345847966,2.7127347120662764,10.411397906352745,-1.9345542400256284,-0.339160307308523,-132623000.0,-0.8141642136485181,-0.15609032874664575,2.1106452538713985,-0.4946196612948682,-0.6272648135290444,-0.09348871776874007,0.5259168654641044,-178.81423618769176,-0.10321912776264774,-426.7019123997854,21.472604670362195,-0.466719965996377,-0.5105469372878654,False,True,False,False,True,True,True,False,4,
Carnival Corporation Ltd.,CCL,Travel Services,2023,21593000000.0,14317000000.0,7276000000.0,1956000000.0,4374000000.0,2066000000.0,-74000000.0,2415000000.0,556000000.0,528000000.0,5266000000.0,49120000000.0,11481000000.0,42237000000.0,2089000000.0,28483000000.0,30572000000.0,6883000000.0,4281000000.0,-2810000000.0,-5089000000.0,-3284000000.0,1.0,Post-Pandemic Distressed Debt Refinancing,2023.0,0.4586708474871527,0.4126818221409284,0.2103475307029004,-0.0034270365396193,0.0905849117769647,-0.0015065146579804,-0.0107511259625163,False,4.44166787737905,False,0.6223941368078176,0.8598737785016287,0.94675701839303,0.4395969055374593,27.115530303030305,38.8363309352518,0.3728769270969427,0.1400300928954599,7565000000.0,-57.85135135135136,,,,,,,,,,,,,False,False,False,False,False,False,False,False,0,0.0
Carnival Corporation Ltd.,CCL,Travel Services,2024,25021000000.0,15638000000.0,9383000000.0,3574000000.0,6227000000.0,1755000000.0,1916000000.0,1210000000.0,590000000.0,507000000.0,3378000000.0,49057000000.0,11617000000.0,39805000000.0,1538000000.0,25936000000.0,27474000000.0,9252000000.0,5923000000.0,-4535000000.0,-2584000000.0,-4626000000.0,0.0,,,0.2907807523457003,0.2471378152707239,0.1041576999225273,0.0765756764317972,0.1428400143879141,0.0390566076197076,0.2070903588413316,False,2.969520103761349,False,0.5600423996575412,0.8114030617445013,2.0364672364672365,0.5100393419899301,30.218357487922702,43.66666666666666,0.5098562451579581,0.2155856446094489,10549000000.0,3.0913361169102296,0.15875515213263558,26.89189189189189,0.8271983640081799,-0.10133455449430852,-0.00128257328990228,0.040563122277688,0.21784148480384788,-0.16789009514145242,-1.472147773617701,1.0897102180742064,0.3835552441018454,0.3944481163251818,False,False,False,False,False,False,True,False,1,0.0
Carnival Corporation Ltd.,CCL,Travel Services,2025,26621000000.0,15947000000.0,10674000000.0,4482000000.0,6911000000.0,1349000000.0,2760000000.0,1928000000.0,678000000.0,505000000.0,4219000000.0,51687000000.0,13092000000.0,39403000000.0,2603000000.0,24037000000.0,26640000000.0,12284000000.0,6218000000.0,-3321000000.0,-2189000000.0,-3611000000.0,0.0,,,0.3222578673999389,0.2836846929422548,0.1472655056523067,0.1036775478006085,0.1683633221892491,0.0533983400081258,0.2246825138391403,False,2.1686746987951806,False,0.515410064426258,0.7623386925145588,3.322461082283173,0.5150424671580862,31.515810276679844,41.98895899053628,0.474946532233425,0.2334084084084084,9829000000.0,2.252898550724637,0.06394628512049878,0.4405010438413361,0.2540570789031897,-0.030355972919851495,0.053611105448763685,0.014341732388418203,0.017592154997808723,0.031477115054238614,-0.8008454049661684,1.2859938458159363,0.04980584163430694,-0.06825291496824344,False,False,False,False,False,False,False,False,0,
"ChargePoint Holdings, Inc.",CHPT,Specialty Retail,2023,468094000.0,382161000.0,85933000.0,-341782000.0,-312791000.0,9434000.0,-345108000.0,264162000.0,164892000.0,68730000.0,704170000.0,1079957000.0,284336000.0,724965000.0,0.0,294936000.0,294936000.0,354992000.0,-267049000.0,-126154000.0,372859000.0,-18563000.0,1.0,Restructuring / Severe Cash Burn,2024.0,2.476541837825671,2.234820775420629,0.9290487310787238,-0.7372621738368789,-0.730156763385132,-0.3195571675538933,-0.9721571190336684,False,0.8308243566052192,False,0.273099762305351,0.6712906162004598,-36.22874708501166,0.4334376276092474,5.5603230030554345,2.8387914513742327,-0.9392022114681222,-0.9054472834784496,-248486000.0,0.7738128354022509,,,,,,,,,,,,,False,False,False,False,True,True,False,False,2,1.0
"ChargePoint Holdings, Inc.",CHPT,Specialty Retail,2024,506639000.0,476521000.0,30118000.0,-449951000.0,-412871000.0,16273000.0,-457609000.0,327410000.0,124049000.0,198580000.0,742683000.0,1103363000.0,330153000.0,775687000.0,0.0,283704000.0,283704000.0,327676000.0,-328941000.0,85576000.0,306524000.0,-19424000.0,1.0,Restructuring / Severe Cash Burn,2024.0,2.2495115900809624,1.6480328817245338,0.9916917308035972,-0.9032249787323912,-0.8881096796732979,-0.4147402078916911,-1.3965288882920934,False,0.8658064673641036,False,0.2571266210666843,0.7030206740664677,-27.65015670128433,0.4591770795286773,3.565306198795406,3.5068681841621645,-0.9963289747480714,-1.1594514000507572,-309517000.0,0.7188254601635894,0.08234457181677185,-0.32598780671557887,-0.31648536201438343,-0.038082838310684354,0.021673085132093223,-0.09518304033779779,-0.424371769258425,-0.2270302477447088,0.034982110758884355,8.578590383727331,-0.23176271021423034,-0.24561142277633347,True,False,False,False,True,True,True,True,5,0.0
"ChargePoint Holdings, Inc.",CHPT,Specialty Retail,2025,417083000.0,316402000.0,100681000.0,-252999000.0,-218849000.0,24653000.0,-277066000.0,224571000.0,95906000.0,209262000.0,566574000.0,898175000.0,293746000.0,760704000.0,0.0,297092000.0,297092000.0,137471000.0,-146947000.0,-12073000.0,28538000.0,-12073000.0,0.0,,,1.928788817549856,1.216397840311017,0.7645074315905578,-0.6642946367989105,-0.6065914937794156,-0.3084766331728226,-2.015450531384801,False,2.1611248917953603,False,0.3307729562724413,0.8469440810532468,-10.262402141727174,0.4643671890221839,1.5515910573212175,3.792439362596895,-0.5002519183239942,-0.494617828820702,-134874000.0,0.5303682155154368,-0.1767649154526201,0.3945355095725827,0.4377187738220384,0.04719002904435609,-0.18596599668468128,0.10626357471886849,-0.6189216430927076,-0.32072277253110637,1.2953184244312568,17.38775455955716,0.5532724713550454,0.5642436441294016,False,True,True,False,True,True,True,True,6,
"Clover Health Investments, Corp",CLOV,Healthcare Plans,2023,1260543000.0,1004590000.0,255953000.0,-179563000.0,-207632000.0,7000.0,-213361000.0,116407000.0,86240000.0,0.0,427970000.0,570671000.0,261115000.0,284277000.0,1665000.0,2998000.0,4663000.0,286394000.0,-144662000.0,140013000.0,-5070000.0,-584000.0,1.0,Major Operating Deficits & Restructuring,2023.0,1.6390096317714418,1.6390096317714418,0.4458074028684679,-0.169261183474106,-0.1424489287553062,-0.3738774179868961,-0.7449911660160479,False,0.0162817656794485,False,0.0081710828130393,0.4981451659537632,-25651.85714285714,2.208878670897943,,14.61668599257885,-0.5540164295425387,-31.02337550932876,-144078000.0,0.6780151949044109,,,,,,,,,,,,,False,False,False,False,True,True,False,False,2,0.0
"Clover Health Investments, Corp",CLOV,Healthcare Plans,2024,1371131000.0,1006327000.0,364804000.0,-45461000.0,-44935000.0,0.0,-43009000.0,194543000.0,92792000.0,0.0,343124000.0,580742000.0,213516000.0,239599000.0,0.0,0.0,0.0,341143000.0,34845000.0,565000.0,-17361000.0,-1556000.0,0.0,,,1.607017741059218,1.607017741059218,0.9111401487476348,-0.0313675352683295,-0.0331558399598579,-0.0740587042094424,-0.126073230287592,False,0.0,False,0.0,0.4125739140616659,,2.360998515691994,,15.317161177889986,0.1631962007531051,,36401000.0,-0.8101792648050408,0.08773044632352883,0.7984214547175913,0.7468242343912721,-1.0,0.01764764636717128,0.2998187137774537,0.6189179357284559,-0.03199189071222386,-0.0162817656794485,,1.2408718253584217,1.252647871291939,False,False,False,False,False,False,True,False,1,0.0
"Clover Health Investments, Corp",CLOV,Healthcare Plans,2025,1924308000.0,1568406000.0,355902000.0,-85529000.0,-83863000.0,0.0,-85549000.0,78301000.0,158741000.0,0.0,307855000.0,541011000.0,208823000.0,232307000.0,0.0,0.0,0.0,308704000.0,-66934000.0,4076000.0,-53384000.0,-2043000.0,0.0,,,1.4742389487747998,1.4742389487747998,0.3749634858229218,-0.0444570203938246,-0.0444466270472294,-0.1581280232749426,-0.2771230693479838,False,0.0,False,0.0,0.4293942267347614,,3.556874074649129,,15.300640472621884,-0.3205298266953353,,-64891000.0,0.7824054050894809,0.40344576849330954,-0.9890953056337046,-0.8813708453399617,,-0.06841420114267609,-0.0840693190655002,-0.15104983906039182,-0.13277879228441813,0.0,,-2.9209068732960253,-2.782670805747095,True,False,False,False,True,True,True,False,4,
Costco Wholesale Corporation,COST,Discount Stores,2023,242290000000.0,212586000000.0,29704000000.0,8114000000.0,10724000000.0,160000000.0,6292000000.0,13700000000.0,2285000000.0,16651000000.0,35879000000.0,68994000000.0,33583000000.0,43936000000.0,1081000000.0,5377000000.0,6458000000.0,25058000000.0,11068000000.0,-4972000000.0,-2614000000.0,-4323000000.0,0.0,,,1.0683679242473871,0.5725515886013757,0.4079444957270047,0.025968880267448,0.03348879441991,0.0911963359132678,0.2510974539069359,False,0.257722084763349,False,0.0936023422326579,0.6368089978838739,50.7125,3.5117546453314783,12.767161131463576,106.03501094091904,0.3295715093946342,1.7138432951378135,15391000000.0,1.7590591226954864,,,,,,,,,,,,,False,False,False,False,False,False,False,False,0,0.0
Costco Wholesale Corporation,COST,Discount Stores,2024,254453000000.0,222358000000.0,32095000000.0,9285000000.0,12146000000.0,169000000.0,7367000000.0,9906000000.0,2721000000.0,18647000000.0,34246000000.0,69831000000.0,35464000000.0,46209000000.0,103000000.0,5794000000.0,5897000000.0,23622000000.0,11339000000.0,-4409000000.0,-10764000000.0,-4710000000.0,0.0,,,0.965655312429506,0.4398545003383713,0.2793255131964809,0.0289523016038325,0.0364900394178885,0.1054975583909725,0.3118702904072475,False,0.2496401659469985,False,0.0844467356904526,0.6617261674614426,54.94082840236686,3.643840128309777,12.598900787580034,101.65920894926089,0.3197326866681705,1.922842123113448,16049000000.0,1.539161123931044,0.05020017334599034,0.17085187539732993,0.14431846191767317,-0.08686899969030659,0.012131489694756066,0.014301222477704698,0.06077283650031162,-0.10271261181788116,-0.008081918816350508,4.228328402366863,0.024485001807011204,0.0427522578130076,False,False,False,False,False,False,True,False,1,0.0
Costco Wholesale Corporation,COST,Discount Stores,2025,275235000000.0,239886000000.0,35349000000.0,10383000000.0,13398000000.0,154000000.0,8099000000.0,14161000000.0,3203000000.0,18116000000.0,38380000000.0,77099000000.0,37108000000.0,47935000000.0,0.0,5713000000.0,5713000000.0,29164000000.0,13335000000.0,-5311000000.0,-3775000000.0,-5498000000.0,0.0,,,1.0342783227336425,0.5460817074485286,0.3816158240810607,0.0294257634385161,0.0377241266554035,0.1050467580643069,0.2777053902071046,False,0.195892195857907,False,0.0740995343649074,0.6217330964085137,67.42207792207792,3.569890660060442,13.050403938742758,92.92201215395004,0.3593564729977363,2.334150183791353,18833000000.0,1.6464995678478824,0.08167323631476146,0.09936201981810777,0.11825525040387722,-0.031202306257419026,0.10407984992338647,-0.00045080032666559855,-0.0341649002001429,0.06862301030413653,-0.05374797008909152,12.481249519711056,0.17602963224270218,0.17346875194716183,True,False,False,False,False,False,False,False,1,
"Cisco Systems, Inc.",CSCO,Communication Equipment,2023,56998000000.0,21245000000.0,35753000000.0,15562000000.0,17471000000.0,427000000.0,12613000000.0,10123000000.0,9206000000.0,3644000000.0,43348000000.0,101852000000.0,31309000000.0,57499000000.0,1733000000.0,6658000000.0,8391000000.0,44353000000.0,19886000000.0,-5107000000.0,-11626000000.0,-849000000.0,0.0,,,1.384522022421668,1.2681337634545975,0.3233255613401897,0.2212884662619741,0.2730271237587284,0.1238365471468405,0.2843776069262507,False,0.1891867517417085,False,0.0823842438047362,0.5645348152220869,36.44496487119438,0.5596159132859443,5.8301317233809,6.191396915055399,0.6351528314542144,2.3699201525443927,20735000000.0,1.5766272893046855,,,,,,,,,,,,,False,False,False,False,False,False,False,False,0,0.0
"Cisco Systems, Inc.",CSCO,Communication Equipment,2024,53803000000.0,18975000000.0,34828000000.0,12970000000.0,15747000000.0,1006000000.0,10320000000.0,7508000000.0,10023000000.0,3373000000.0,36862000000.0,124413000000.0,40584000000.0,78956000000.0,11341000000.0,19632000000.0,30973000000.0,45457000000.0,10880000000.0,-20478000000.0,6844000000.0,-670000000.0,0.0,,,0.9082889808791642,0.8251774098166765,0.1849990143899073,0.1918108655651172,0.2410646246491831,0.0829495309975645,0.2270277405020128,False,0.6813692060628727,False,0.2489530836809658,0.6346282140933825,12.892644135188869,0.4324548077773223,5.408294142796067,5.596026834468771,0.2680859452000788,0.3512736899880541,11550000000.0,1.054263565891473,-0.05605459840696165,-0.18179655910568462,-0.1665595681788973,2.691216779883208,0.2215076778070141,-0.040887016149276006,-0.057349866424237894,-0.4762330415425039,0.49218245432116414,-23.552320736005512,-0.45288142411746957,-0.44297082228116713,True,True,True,True,False,False,True,True,6,0.0
"Cisco Systems, Inc.",CSCO,Communication Equipment,2025,56654000000.0,19864000000.0,36790000000.0,12504000000.0,15504000000.0,1593000000.0,10180000000.0,8346000000.0,9762000000.0,3164000000.0,34986000000.0,122291000000.0,35064000000.0,75448000000.0,5232000000.0,22861000000.0,28093000000.0,46843000000.0,14193000000.0,1733000000.0,-15815000000.0,-905000000.0,0.0,,,0.9977754962354553,0.9075404973762264,0.238021902806297,0.1796872242030571,0.2207081582942069,0.0832440653850242,0.2173216916081378,False,0.599726746792477,False,0.2297225470394387,0.6169546409793034,7.849340866290019,0.4632720314659296,6.077405537708429,5.726964872378065,0.4047741273100616,0.5052148221977005,15098000000.0,1.394204322200393,0.05298961024478189,-0.013565891472868217,-0.03592906707787201,-0.09298421205566139,-0.017056095424111628,0.0002945343874597023,-0.009706048893874997,0.08948651535629104,-0.0816424592703957,-5.04330326889885,0.30450367647058824,0.3071861471861472,False,False,False,True,False,False,False,False,1,
Carvana Co.,CVNA,Auto & Truck Dealerships,2023,10771000000.0,9047000000.0,1724000000.0,-80000000.0,1159000000.0,632000000.0,450000000.0,530000000.0,266000000.0,1150000000.0,3321000000.0,7071000000.0,1536000000.0,7455000000.0,857000000.0,5416000000.0,6273000000.0,243000000.0,803000000.0,31000000.0,-868000000.0,-87000000.0,1.0,Out-of-Court Distressed Debt Exchange,2023.0,2.162109375,1.4134114583333333,0.3450520833333333,0.0417788506173985,-0.0074273512208708,0.0636402206194314,1.851851851851852,False,25.814814814814813,False,0.8871446754348749,1.0543063215952482,-0.1265822784810126,1.5232640362042145,7.86695652173913,40.49248120300752,0.5227864583333334,0.128008927148095,890000000.0,1.7844444444444445,,,,,,,,,,,,,False,False,False,False,False,False,False,False,0,0.0
Carvana Co.,CVNA,Auto & Truck Dealerships,2024,13673000000.0,10797000000.0,2876000000.0,990000000.0,1356000000.0,651000000.0,210000000.0,1716000000.0,307000000.0,1608000000.0,4869000000.0,8484000000.0,1338000000.0,7109000000.0,376000000.0,5256000000.0,5632000000.0,1260000000.0,918000000.0,-13000000.0,261000000.0,-91000000.0,0.0,,,3.6390134529147984,2.437219730941704,1.2825112107623318,0.0153587361954216,0.0724054706355591,0.0247524752475247,0.1666666666666666,False,4.46984126984127,False,0.6638378123526638,0.8379302215935879,1.5207373271889402,1.6116218764733616,7.829586656997824,47.72425828970332,0.6860986547085202,0.1629971590909091,1009000000.0,4.371428571428571,0.26942716553709034,-0.5333333333333333,13.375,-0.10218396301610075,0.19983029274501485,-0.0388877453719067,-1.6851851851851856,1.4769040779147984,-21.34497354497354,1.6473196056699528,0.1432129514321295,0.13370786516853933,True,False,False,False,False,False,False,False,1,0.0
Carvana Co.,CVNA,Auto & Truck Dealerships,2025,20322000000.0,16130000000.0,4192000000.0,1881000000.0,-110000000.0,505000000.0,1407000000.0,2327000000.0,250000000.0,2408000000.0,6549000000.0,13201000000.0,1519000000.0,8998000000.0,285000000.0,4830000000.0,5115000000.0,3441000000.0,1036000000.0,-230000000.0,-137000000.0,-147000000.0,0.0,,,4.311389071757735,2.726135615536537,1.531928900592495,0.06923531148509,0.0925597874224977,0.1065828346337398,0.4088927637314734,False,1.4864864864864864,False,0.3874706461631694,0.6816150291644573,3.724752475247525,1.5394288311491553,8.032868525896415,72.96947935368043,0.6820276497695853,0.2025415444770283,1183000000.0,0.736318407960199,0.48628684268265926,5.7,0.9,-0.091796875,0.555987741631306,0.08183035938621509,0.24222609706480677,0.6723756188429366,-2.9833547833547835,2.204015148058585,0.12854030501089325,0.17244796828543113,False,False,False,False,False,False,False,False,0,
Chevron Corporation,CVX,Oil & Gas Integrated,2023,196913000000.0,136522000000.0,60391000000.0,26229000000.0,47815000000.0,469000000.0,21369000000.0,8178000000.0,19921000000.0,8612000000.0,41128000000.0,261632000000.0,32258000000.0,99703000000.0,469000000.0,19733000000.0,20202000000.0,160957000000.0,35609000000.0,-15232000000.0,-30109000000.0,-15829000000.0,0.0,,,1.2749705499411,1.007998015996032,0.253518507037014,0.1085200062971972,0.1332009567677096,0.0816757888943248,0.1327621662928608,False,0.1255117826500245,False,0.0772153253424657,0.3810810604207436,55.92537313432836,0.7526334699119374,15.852531351602416,9.884694543446614,1.1038812077624156,1.762647262647263,51438000000.0,1.666385886096682,,,,,,,,,,,,,False,False,False,False,False,False,False,False,0,0.0
Chevron Corporation,CVX,Oil & Gas Integrated,2024,193414000000.0,136488000000.0,56926000000.0,18917000000.0,45811000000.0,594000000.0,17661000000.0,6781000000.0,20684000000.0,9074000000.0,40911000000.0,256938000000.0,38558000000.0,103781000000.0,4348000000.0,19589000000.0,23937000000.0,152318000000.0,31492000000.0,-8936000000.0,-23472000000.0,-16448000000.0,0.0,,,1.0610249494268376,0.8256911665542819,0.1758649307536698,0.0913119008965224,0.0978057431209736,0.0687364266865936,0.1159482136057458,False,0.1571514857075329,False,0.0931625528337575,0.403914563046338,31.846801346801342,0.752765258544863,15.434581024539185,9.526610023396133,0.8167436070335599,1.315620169611898,47940000000.0,1.7831379876564182,-0.017769268661794804,-0.17352239225045626,-0.27877540127339967,0.1848826848826849,-0.017941230430528376,-0.01293936220773119,-0.01681395268711501,-0.21394560051426237,0.031639703057508406,-24.078571787527018,-0.1156168384397203,-0.06800419923014114,True,True,True,True,False,False,True,True,6,0.0
Chevron Corporation,CVX,Oil & Gas Integrated,2025,184432000000.0,128346000000.0,56086000000.0,16674000000.0,41417000000.0,1217000000.0,12299000000.0,6293000000.0,18075000000.0,9711000000.0,38552000000.0,324012000000.0,33387000000.0,131836000000.0,191000000.0,39122000000.0,39313000000.0,186450000000.0,33939000000.0,-15911000000.0,-19063000000.0,-17347000000.0,0.0,,,1.1547009315002843,0.8638392188576391,0.1884865366759517,0.0666858245857551,0.0904073045892253,0.0379584706739256,0.0659640654330919,False,0.2108500938589434,False,0.1213319259780501,0.406886164709949,13.700903861955627,0.5692134859202745,13.664732499334576,9.51686060011868,1.0165333812561776,0.8633022155521074,51286000000.0,2.759492641678185,-0.04643924431530293,-0.3036068172810147,-0.11857059787492731,0.6423528428792247,0.26105130420568384,-0.030777956012668008,-0.0499841481726539,0.09367598207344674,0.053698608151410504,-18.145897484845715,0.07770227359329354,0.06979557780559033,True,True,True,True,False,False,False,True,5,
fuboTV Inc.,FUBO,Broadcasting,2023,1368225000.0,1282077000.0,86148000.0,-289350000.0,-238073000.0,16286000.0,-287454000.0,245278000.0,80299000.0,0.0,386754000.0,1232640000.0,517345000.0,948815000.0,7935000.0,391748000.0,399683000.0,295576000.0,-177622000.0,-25417000.0,111233000.0,-21945000.0,1.0,Going Concern Warning / Legal Liquidity Injunction,2023.0,0.7475746358812785,0.7475746358812785,0.4741091534662556,-0.210092638272214,-0.2114783752672258,-0.2332019080996884,-0.9725214496440848,False,1.352217365415325,False,0.3242495781412253,0.7697421793873312,-17.766793565025175,1.1099956191588785,,17.039128756273428,-0.3433337521383216,-0.4444071927002149,-155677000.0,0.6179145184968725,,,,,,,,,,,,,False,False,False,False,True,True,False,False,2,0.0
fuboTV Inc.,FUBO,Broadcasting,2024,1622796000.0,1418885000.0,203911000.0,-192208000.0,-113731000.0,20852000.0,-172254000.0,161435000.0,71078000.0,0.0,274033000.0,1077428000.0,515322000.0,896646000.0,8066000.0,332383000.0,340449000.0,196370000.0,-79478000.0,-15835000.0,11465000.0,-15835000.0,0.0,,,0.531770427033971,0.531770427033971,0.3132701495375707,-0.1061464287562947,-0.1184424906149633,-0.1598751842350486,-0.8771910169577838,False,1.733711870448643,False,0.3159830633694316,0.8322096696948659,-9.217724918473047,1.5061758187089995,,21.44045660833548,-0.1542297825437299,-0.2334505315039844,-63643000.0,0.4614000255436739,0.18605931042043525,0.4007597737377111,0.3357249006393641,-0.14820245044197528,-0.12591835410176533,0.07332672386463981,0.09533043268630104,-0.21580420884730744,0.38149450503331805,8.549068646552128,0.5525441668261815,0.59118559581698,False,False,False,False,True,True,True,True,4,
GameStop Corporation,GME,Specialty Retail,2023,5927200000.0,4555100000.0,1372100000.0,-308900000.0,-247200000.0,,-313100000.0,1139000000.0,153900000.0,682900000.0,2323700000.0,3113400000.0,1339100000.0,1791100000.0,10800000.0,28700000.0,39500000.0,1322300000.0,108200000.0,-222700000.0,-7900000.0,-55900000.0,,,,1.7352699574340975,1.2253005750130683,0.8505712792173848,-0.0528242677824267,-0.0521156701309218,-0.1005652983876148,-0.2367843908341526,False,0.0298721923920441,False,0.0126870944947645,0.5752874670777928,,1.9037707971992035,6.6702299018890026,38.513320337881744,0.0808005376745575,2.739240506329114,164100000.0,-0.3455764931331843,,,,,,,,,,,,,False,False,False,False,False,False,False,False,0,
GameStop Corporation,GME,Specialty Retail,2024,5272800000.0,3978600000.0,1294200000.0,-29700000.0,26500000.0,,6700000.0,921700000.0,91000000.0,632500000.0,1974200000.0,2709000000.0,934500000.0,1370400000.0,10800000.0,17700000.0,28500000.0,1338600000.0,-203700000.0,-33200000.0,-11600000.0,-34900000.0,,,,2.112573568753344,1.435741037988229,0.986302835741038,0.0012706721286602,-0.0056326809285389,0.0024732373569582,0.0050052293440908,False,0.0212909009412819,False,0.0105204872646733,0.5058693244739756,,1.9464008859357695,6.04926258172419,43.060841159657,-0.2179775280898876,-7.147368421052631,-168800000.0,-30.402985074626866,-0.11040626265352949,1.0213989140849569,0.9038523794108125,-0.27848101265822783,-0.12989015224513395,0.103038535744573,0.2417896201782434,0.3773036113192463,-0.0085812914507622,,-2.8826247689463957,-2.0286410725167583,False,True,False,False,True,True,False,False,3,
GameStop Corporation,GME,Specialty Retail,2025,3823000000.0,2709100000.0,1113900000.0,-16500000.0,22400000.0,,131300000.0,4756900000.0,60900000.0,480200000.0,5355000000.0,5875400000.0,665400000.0,945600000.0,10300000.0,6600000.0,16900000.0,4929800000.0,145700000.0,265100000.0,3443000000.0,-16100000.0,,,,8.047790802524798,7.326119627291854,7.148932972648031,0.0343447554276746,-0.0043159822129217,0.0223474146441093,0.0266339405249705,False,0.0034281309586595,False,0.0028763999046873,0.1609422337202573,,0.6506791026993907,4.869416734070279,50.335747202106646,0.218966035467388,8.621301775147929,161800000.0,1.1096725057121095,-0.2749582764375664,18.597014925373134,0.4444444444444444,-0.4070175438596491,1.168844592100406,0.0198741772871511,0.0216287111808797,5.9352172337714535,-0.0178627699826224,,1.7152675503190966,1.9585308056872037,False,True,False,False,False,False,False,False,1,
Alphabet Inc.,GOOGL,Internet Content & Information,2023,307394000000.0,133332000000.0,174062000000.0,84293000000.0,97971000000.0,308000000.0,73795000000.0,24048000000.0,47964000000.0,0.0,171530000000.0,402392000000.0,81814000000.0,,2791000000.0,11870000000.0,14661000000.0,283379000000.0,101746000000.0,-27063000000.0,-72093000000.0,-32251000000.0,0.0,,,2.096584936563424,2.096584936563424,0.2939350233456376,0.2400664944663851,0.2742181044522664,0.1833908228791824,0.2604109690555757,False,0.051736367197287,False,0.0364346209666196,,273.67857142857144,0.7639167776695361,,6.408848302893837,1.2436257853179162,6.939908601050406,133997000000.0,1.3787654990175486,,,,,,,,,,,,,False,False,False,False,False,False,False,False,0,0.0
Alphabet Inc.,GOOGL,Internet Content & Information,2024,350018000000.0,146306000000.0,203712000000.0,112390000000.0,135394000000.0,268000000.0,100118000000.0,23466000000.0,52340000000.0,0.0,163711000000.0,450256000000.0,89122000000.0,,2887000000.0,10883000000.0,13770000000.0,325084000000.0,125299000000.0,-45536000000.0,-79733000000.0,-52535000000.0,0.0,,,1.8369313974102917,1.8369313974102917,0.2633019905298355,0.28603671811164,0.3210977721145769,0.2223579474787676,0.3079757847202569,False,0.0423582827822962,False,0.0305826018975871,,419.36567164179104,0.7773755374720159,,6.979143404051683,1.405926707210341,9.099419026870008,177834000000.0,1.2515132144069998,0.13866243322901553,0.3567043837658378,0.33332542441246604,-0.06077348066298342,0.11894868685262132,0.03896712459958521,0.04756481566468118,-0.2596535391531325,-0.0093780844149908,145.6871002132196,0.23148821575295345,0.3271491152787003,False,False,False,False,False,False,True,False,1,0.0
Alphabet Inc.,GOOGL,Internet Content & Information,2025,402836000000.0,162535000000.0,240301000000.0,129039000000.0,180698000000.0,736000000.0,132170000000.0,30708000000.0,62886000000.0,0.0,206038000000.0,595281000000.0,102745000000.0,,0.0,46547000000.0,46547000000.0,415265000000.0,164713000000.0,-120291000000.0,-37388000000.0,-91447000000.0,0.0,,,2.005333592875566,2.005333592875566,0.2988758577059711,0.3280987796522654,0.3203263859238002,0.2220295961067126,0.3182786895115167,False,0.1120898703237691,False,0.0781933238252186,,175.32472826086956,0.6767157023321759,,6.99210247687154,1.603124239622366,3.53863836552302,256160000000.0,1.2462207762729818,0.15090081081544376,0.3201422321660441,0.1481359551561527,2.380319535221496,0.32209454177179203,-0.0003283513720550024,0.010302904791259837,0.16840219546527413,0.0697315875414729,-244.04094338092148,0.31455957350018754,0.4404444594397022,True,False,True,True,False,False,False,True,4,
"GoPro, Inc.",GPRO,Consumer Electronics,2023,1005459000.0,681886000.0,323573000.0,-74500000.0,-56874000.0,4699000.0,-53183000.0,222708000.0,91452000.0,106266000.0,482591000.0,967951000.0,279094000.0,412105000.0,10520000.0,92615000.0,103135000.0,555846000.0,-32863000.0,121902000.0,-90382000.0,-1520000.0,1.0,Operational Restructuring & Workforce Reductions,2024.0,1.7291342701742063,1.3483808322643984,0.7979677098038653,-0.0528942502876795,-0.0740955125967344,-0.0549438969534614,-0.0956793788207525,False,0.185545996553002,False,0.1065498150216281,0.4257498571725222,-15.854437114279634,1.0387498953975975,6.416784296011895,10.994390499934392,-0.1177488588074268,-0.3186406166674747,-31343000.0,0.617923020514074,,,,,,,,,,,,,False,False,False,False,True,True,False,False,2,1.0
"GoPro, Inc.",GPRO,Consumer Electronics,2024,801473000.0,530178000.0,271295000.0,-127172000.0,-123269000.0,3329000.0,-432311000.0,102811000.0,85944000.0,120716000.0,339245000.0,543678000.0,356267000.0,391989000.0,93208000.0,18067000.0,111275000.0,151689000.0,-125141000.0,7653000.0,-929000.0,-4039000.0,1.0,Operational Restructuring & Workforce Reductions,2024.0,0.9522212273379236,0.613385466518089,0.2885785099377714,-0.5393955878738274,-0.1586728436266724,-0.7951600027957725,-2.8499825300450263,False,0.7335732979978772,False,0.2046707793951566,0.720994779998455,-38.201261640132174,1.4741685335805386,4.671542236829352,9.035976008478206,-0.3512562207557815,-1.1246101999550662,-121102000.0,0.2894698492520431,-0.20287848634305328,-7.128744147565952,-0.707006711409396,0.078925679934067,-0.4383207414424904,-0.7402161058423111,-2.7543031512242737,-0.7769130428362827,0.5480273014448752,-22.34682452585254,-2.8079603201168486,-2.863765434068213,True,True,True,True,True,True,True,True,8,0.0
"GoPro, Inc.",GPRO,Consumer Electronics,2025,651542000.0,432376000.0,219166000.0,-62119000.0,-75931000.0,8452000.0,-93487000.0,49674000.0,93513000.0,78431000.0,252569000.0,427983000.0,277171000.0,351433000.0,19598000.0,44322000.0,63920000.0,76550000.0,-20669000.0,-3362000.0,-30112000.0,-3362000.0,0.0,,,0.911238910275606,0.6282691912213039,0.1792178835448153,-0.1434857614704808,-0.0953415129032357,-0.2184362462995025,-1.221254082299151,False,0.8350097975179621,False,0.149351726587271,0.8211377554715958,-7.349621391386654,1.5223548598892946,4.342279823447002,7.261260357634419,-0.0745712935335947,-0.3233573216520651,-17307000.0,0.2210895632547841,-0.18706930863547494,0.7837505869617012,0.5115355581417294,-0.4255672882498315,-0.21280059152660213,0.57672375649627,1.6287284477458754,-0.040982317062317586,0.10143649952008493,30.851640248745518,0.8348343069018147,0.8570874139155422,False,True,False,False,True,True,True,True,5,
"Home Depot, Inc. (The)",HD,Home Improvement Retail,2023,157403000000.0,104625000000.0,52778000000.0,24039000000.0,27069000000.0,1617000000.0,17105000000.0,2757000000.0,3317000000.0,24886000000.0,32471000000.0,76445000000.0,23110000000.0,74883000000.0,1231000000.0,41962000000.0,43193000000.0,1562000000.0,14615000000.0,-3140000000.0,-10993000000.0,-3119000000.0,0.0,,,1.4050627434011251,0.328212894850714,0.1192990047598442,0.1086701015863738,0.1527226291747933,0.2237556413107463,10.950704225352112,False,27.65236875800256,False,0.565020603047943,0.9795670089606908,14.866419294990724,2.059035908169272,4.204171019850518,47.45342176665662,0.6324102120294245,0.3383650128493042,17734000000.0,0.8544285296696872,,,,,,,,,,,,,False,False,False,False,False,False,False,False,0,0.0
"Home Depot, Inc. (The)",HD,Home Improvement Retail,2024,152669000000.0,101709000000.0,50960000000.0,21689000000.0,25114000000.0,1943000000.0,15143000000.0,3760000000.0,3328000000.0,20976000000.0,29775000000.0,76530000000.0,22015000000.0,75486000000.0,1368000000.0,42743000000.0,44111000000.0,1044000000.0,21172000000.0,-4729000000.0,-15443000000.0,-3226000000.0,0.0,,,1.3524869407222349,0.3996820349761526,0.1707926413808767,0.0991884403513483,0.1420655142825328,0.1978701162942636,14.504789272030653,False,42.25191570881226,False,0.5763883444400889,0.986358290866327,11.162635100360268,1.994890892460473,4.435436745017662,45.95003762227238,0.9617079264138088,0.4799709822946657,24398000000.0,1.3981377534174206,-0.03007566564804991,-0.11470330312774042,-0.09775781022505096,0.02125344384506749,0.0011119105239060763,-0.025885525016482697,3.5540850466785407,-0.05257580267889028,14.599546950809703,-3.7037841946304564,0.4486486486486487,0.375775346791474,True,True,True,True,False,False,True,True,6,0.0
"Home Depot, Inc. (The)",HD,Home Improvement Retail,2025,159514000000.0,106206000000.0,53308000000.0,21526000000.0,25488000000.0,2321000000.0,14806000000.0,1659000000.0,4903000000.0,23451000000.0,31683000000.0,96119000000.0,28661000000.0,89479000000.0,4898000000.0,48485000000.0,53383000000.0,6640000000.0,19810000000.0,-21031000000.0,-694000000.0,-3485000000.0,0.0,,,1.1054394473326123,0.2872195666585255,0.0578835351174069,0.0928194390461025,0.13494740273581,0.154038223452179,2.229819277108433,False,8.039608433734939,False,0.5553844713324109,0.930918965032928,9.274450667815596,1.65954701983999,4.781146600040516,38.75932450492042,0.6911831408534245,0.3710919206488957,23295000000.0,1.3379710928002162,0.04483555928184504,-0.02225450703295252,-0.0075153303517912304,0.21019700301512095,0.2559649810531818,-0.04383189284208461,-12.27496999492222,-0.2470474933896225,-34.21230727507732,-1.888184432544671,-0.06433024749669375,-0.04520862365767686,True,False,True,True,False,False,True,False,4,
Johnson & Johnson,JNJ,Drug Manufacturers - General,2023,85159000000.0,26553000000.0,58606000000.0,22009000000.0,23320000000.0,772000000.0,35153000000.0,21859000000.0,19387000000.0,11181000000.0,53495000000.0,167558000000.0,46282000000.0,98784000000.0,3451000000.0,25881000000.0,29332000000.0,68774000000.0,22791000000.0,878000000.0,-15825000000.0,-5013000000.0,0.0,,,1.1558489261483946,0.9142647249470636,0.4723002463160624,0.4127925410115196,0.2584459657816555,0.2097960109335274,0.511137930031698,False,0.4264983860179719,False,0.1750558015731866,0.5895510808197758,28.509067357512954,0.5082359541173802,2.3748323048027906,4.392582658482488,0.4924376647508751,0.777001227328515,27804000000.0,0.6483372685119335,,,,,,,,,,,,,False,False,False,False,False,False,False,False,0,0.0
Johnson & Johnson,JNJ,Drug Manufacturers - General,2024,88821000000.0,27471000000.0,61350000000.0,21249000000.0,24781000000.0,755000000.0,14066000000.0,24105000000.0,18927000000.0,12444000000.0,55893000000.0,180104000000.0,50321000000.0,108614000000.0,5983000000.0,30651000000.0,36634000000.0,71490000000.0,24266000000.0,-18599000000.0,-3132000000.0,-6207000000.0,0.0,,,1.1107291190556627,0.863436736153892,0.4790246616720653,0.1583634500850024,0.2392339649407234,0.078099320392662,0.1967547908798433,False,0.512435305637152,False,0.2034046995069515,0.6030626748989473,28.144370860927157,0.4931650601874472,2.325587301587301,4.636477527796628,0.4822241211422666,0.6623901293880002,30473000000.0,1.7251528508460117,0.04300191406662831,-0.5998634540437516,-0.03453132809305284,0.24894313377880814,0.07487556547583524,-0.1316966905408654,-0.3143831391518548,-0.04511980709273189,0.0859369196191801,-0.36469649658579684,0.06471852924399983,0.09599338224715868,True,False,True,True,False,False,True,True,5,0.0
Johnson & Johnson,JNJ,Drug Manufacturers - General,2025,94193000000.0,30256000000.0,63937000000.0,25596000000.0,41055000000.0,971000000.0,26804000000.0,19709000000.0,21331000000.0,14191000000.0,55624000000.0,199210000000.0,54126000000.0,117666000000.0,8495000000.0,39438000000.0,47933000000.0,81544000000.0,24530000000.0,-23588000000.0,-5539000000.0,-5217000000.0,0.0,,,1.027676163027011,0.7654916306396187,0.3641318405202675,0.2845646704107524,0.271739938211969,0.1345514783394407,0.3287059746885117,False,0.5878176199352497,False,0.2406154309522614,0.5906631193213192,26.360453141091657,0.472832689122032,2.271897878730993,4.679467435043966,0.4532017884196135,0.511755992739866,29747000000.0,0.9151619161319208,0.06048119251078011,0.9055879425565193,0.204574332909784,0.3084293279467162,0.10608315195664728,0.0564521579467787,0.1319511838086684,-0.0830529560286517,0.07538231429809772,-1.7839177198355003,0.010879419764279238,-0.023824369113641584,False,False,True,True,False,False,True,True,4,
JP Morgan Chase & Co.,JPM,Banks - Diversified,2023,154952000000.0,,,,,81321000000.0,49552000000.0,624151000000.0,107363000000.0,0.0,,3875393000000.0,,3547515000000.0,44712000000.0,391825000000.0,436537000000.0,327878000000.0,12974000000.0,67643000000.0,-25571000000.0,,0.0,,,,,,0.319789354122567,,0.0127863161232938,0.1511293834902006,False,1.3314007039203606,False,0.1126432854680802,0.9153949031749812,,0.0399835577965899,,1.4432532622970669,,0.0297202757154605,,0.261825960607039,,,,,,,,,,,,,False,False,False,False,False,False,False,False,0,0.0
JP Morgan Chase & Co.,JPM,Banks - Diversified,2024,169439000000.0,,,,,101350000000.0,58471000000.0,469317000000.0,101223000000.0,0.0,,4002814000000.0,,3658056000000.0,52893000000.0,401418000000.0,454311000000.0,344758000000.0,-42012000000.0,-163403000000.0,63447000000.0,,0.0,,,,,,0.3450858421024675,,0.0146074736422926,0.1696001253052866,False,1.3177678255471954,False,0.1134979042243781,0.9138710916869982,,0.0423299708654961,,1.624644031718332,,-0.0924740981398205,,-0.7185100306134665,0.09349346894522174,0.17999273490474652,,0.04071590724268504,0.032879504091585035,0.0018211575189988009,0.018470741815085984,,-0.01363287837316518,,-4.238168644982272,,False,False,True,False,True,False,False,False,2,0.0
JP Morgan Chase & Co.,JPM,Banks - Diversified,2025,181847000000.0,,,,,97898000000.0,57048000000.0,343338000000.0,111599000000.0,0.0,,4424900000000.0,,4062462000000.0,66012000000.0,433970000000.0,499982000000.0,362438000000.0,-147782000000.0,-265565000000.0,269533000000.0,,0.0,,,,,,0.3137142762872085,,0.0128924947456439,0.1574007140531622,False,1.379496631147948,False,0.1129928359962937,0.9180912562995774,,0.0410962959614906,,1.70891167266542,,-0.2955746406870647,,-2.5904852054410323,0.07322989394413329,-0.02433685074652392,,0.10052805236941215,0.10544731781191931,-0.0017149788966487004,-0.012199411252124398,,0.061728805600752557,,-2.517614015043321,,True,False,True,False,True,False,False,True,4,
Coca-Cola Company (The),KO,Beverages - Non-Alcoholic,2023,45754000000.0,18520000000.0,27234000000.0,13098000000.0,15607000000.0,1527000000.0,10714000000.0,9366000000.0,3410000000.0,4424000000.0,26732000000.0,97703000000.0,23571000000.0,70223000000.0,6517000000.0,35547000000.0,42064000000.0,25941000000.0,11599000000.0,-3349000000.0,-8310000000.0,-1852000000.0,0.0,,,1.1341054685842773,0.9464172075855924,0.3973526791396207,0.2341653188792236,0.2862700528915504,0.1096588641085739,0.4130141474885316,False,1.6215257700165762,False,0.4305292570340726,0.7187394450528642,8.577603143418468,0.4682967769669304,4.18625678119349,13.417595307917887,0.4920877349285139,0.2757464815519209,13451000000.0,1.082602202725406,,,,,,,,,,,,,False,False,False,False,False,False,False,False,0,0.0
Coca-Cola Company (The),KO,Beverages - Non-Alcoholic,2024,47061000000.0,18324000000.0,28737000000.0,14022000000.0,15817000000.0,1656000000.0,10631000000.0,10828000000.0,3569000000.0,4728000000.0,25997000000.0,100549000000.0,25249000000.0,74177000000.0,2147000000.0,42375000000.0,44522000000.0,24856000000.0,6805000000.0,2524000000.0,-6910000000.0,-2064000000.0,0.0,,,1.0296249356410154,0.8423699948512813,0.4288486672739514,0.225898302203523,0.2979537196404666,0.1057295447990532,0.4277035725780496,False,1.791197296427422,False,0.4427890879073884,0.73771991765209,8.467391304347826,0.4680404578862047,4.004370629370629,13.486459378134404,0.2695156243811636,0.1528457841067337,8869000000.0,0.640109114852789,0.028565808453905668,-0.007746873249953332,0.07054512139257901,0.058434766070749336,0.029129095319488655,-0.003929319309520701,0.014689425089517982,-0.10448053294326187,0.16967152641084593,-0.11021183907064191,-0.4133114923700319,-0.34064381830347185,True,False,True,True,False,False,True,True,5,0.0
Coca-Cola Company (The),KO,Beverages - Non-Alcoholic,2025,47941000000.0,18397000000.0,29544000000.0,14911000000.0,18702000000.0,1654000000.0,13107000000.0,10270000000.0,3038000000.0,4425000000.0,31044000000.0,104816000000.0,21281000000.0,70541000000.0,3373000000.0,42119000000.0,45492000000.0,32169000000.0,7408000000.0,-67000000.0,-8140000000.0,-2112000000.0,0.0,,,1.4587660354306655,1.2508340773459894,0.4825901038485033,0.2733985523873094,0.3110281387538849,0.1250477026408182,0.4074419472162641,False,1.4141564860580065,False,0.4340177072202717,0.6729983971912685,9.015114873035069,0.4573824606930239,4.019884190975636,14.512184047222645,0.3481039424839058,0.1628418183416864,9520000000.0,0.5651941710536355,0.018699135164998618,0.23290377198758347,0.06340037084581372,0.021786981716904002,0.04243702075604929,0.019318157841764994,-0.020261625361785496,0.4291410997896501,-0.3770408103694156,0.5477235686872426,0.08861131520940485,0.0734017363851618,False,False,True,False,False,False,False,False,1,
Kohl's Corporation,KSS,Department Stores,2023,18098000000.0,11457000000.0,6641000000.0,246000000.0,1054000000.0,304000000.0,-19000000.0,153000000.0,210000000.0,3189000000.0,3736000000.0,14345000000.0,3115000000.0,10582000000.0,360000000.0,1637000000.0,1997000000.0,3763000000.0,282000000.0,-783000000.0,-933000000.0,-826000000.0,1.0,Severe Operating Profit Erosion & Credit Facility Amendments,2024.0,1.1993579454253611,0.1756019261637239,0.0491171749598715,-0.0010498397612995,0.0135926621726157,-0.0013245033112582,-0.0050491629019399,False,0.530693595535477,False,0.1392122690833042,0.7376786336702684,0.8092105263157895,1.2616242593238065,3.592662276575729,86.18095238095238,0.090529695024077,0.1412118177265899,1108000000.0,-14.842105263157896,,,,,,,,,,,,,False,False,False,False,False,False,False,False,0,1.0
Kohl's Corporation,KSS,Department Stores,2024,17476000000.0,10498000000.0,6978000000.0,717000000.0,1466000000.0,344000000.0,317000000.0,183000000.0,167000000.0,2880000000.0,3410000000.0,14009000000.0,2612000000.0,10116000000.0,92000000.0,1638000000.0,1730000000.0,3893000000.0,1168000000.0,-562000000.0,-576000000.0,-577000000.0,1.0,Severe Operating Profit Erosion & Credit Facility Amendments,2024.0,1.3055130168453293,0.2029096477794793,0.0700612557427258,0.0181391622796978,0.0410276951247425,0.0226283103719037,0.0814282044695607,False,0.4443873619316722,False,0.1234920408308944,0.722107216789207,2.0843023255813957,1.247483760439717,3.45954852529247,92.710875331565,0.447166921898928,0.6751445086705202,1745000000.0,3.684542586750789,-0.03436843850149188,17.68421052631579,1.9146341463414633,-0.13370055082623936,-0.02342279539909376,0.023952813683161902,0.0864773673715006,0.10615507141996816,-0.0863062336038048,1.2750917992656063,3.141843971631206,0.5749097472924187,False,True,False,False,False,False,False,False,1,0.0
Kohl's Corporation,KSS,Department Stores,2025,16221000000.0,9661000000.0,6560000000.0,509000000.0,1176000000.0,319000000.0,109000000.0,134000000.0,159000000.0,2945000000.0,3388000000.0,13559000000.0,3131000000.0,9757000000.0,643000000.0,1174000000.0,1817000000.0,3802000000.0,648000000.0,-467000000.0,-230000000.0,-466000000.0,0.0,,,1.082082401788566,0.1414883423826253,0.0427978281699137,0.0067196843597805,0.0313790765057641,0.0080389409248469,0.0286691215149921,False,0.4779063650710152,False,0.1340069326646507,0.7195958404012095,1.5956112852664577,1.1963271627701155,3.3170815450643776,99.51533742331289,0.2069626317470456,0.35663181067694,1114000000.0,5.944954128440367,-0.07181277180132753,-0.6561514195583596,-0.2900976290097629,0.050289017341040465,-0.032122207152544796,-0.014589369447056801,-0.052759082954568604,-0.22343061505676332,0.03351900313934297,-0.48869104031493804,-0.4452054794520548,-0.3616045845272206,True,True,True,True,False,False,True,True,6,
"Lucid Group, Inc.",LCID,Auto Manufacturers,2023,595271000.0,1936066000.0,-1340795000.0,-3075042000.0,-2568948000.0,24915000.0,-2828420000.0,1369947000.0,51822000.0,696236000.0,4757155000.0,8512718000.0,1008410000.0,3661026000.0,72533000.0,1996960000.0,2069493000.0,4851692000.0,-2489753000.0,-946975000.0,3070915000.0,-910644000.0,1.0,Sustained Operating Deficit / Dilutive Emergency Financing,2024.0,4.7174809849168495,4.027051496910978,1.3585218313979432,-4.751482938023186,-5.1657849954054536,-0.332258157735285,-0.5829760009497718,False,0.4265507785737429,False,0.2431060208972034,0.4300654620533653,-123.42131246237209,0.0699272547263987,2.7807611212290086,11.486839566207404,-2.468988804157039,-1.203073892977652,-1579109000.0,0.8802628322526358,,,,,,,,,,,,,False,False,False,False,True,True,False,False,2,1.0
"Lucid Group, Inc.",LCID,Auto Manufacturers,2024,807832000.0,1730943000.0,-923111000.0,-3000516000.0,-2384483000.0,32923000.0,-2713942000.0,1606865000.0,112025000.0,407774000.0,4873936000.0,9647931000.0,1165291000.0,5775119000.0,126417000.0,2002151000.0,2128568000.0,3872812000.0,-2019674000.0,-1294454000.0,3549673000.0,-883841000.0,1.0,Sustained Operating Deficit / Dilutive Emergency Financing,2024.0,4.18259130122862,3.832658108575455,1.378938823006442,-3.359537626635241,-3.714282177482447,-0.2812978243729148,-0.7007678141877272,False,0.5496182102307058,False,0.2206242975825594,0.5985862668379366,-91.13738116210553,0.0837311129194435,3.1357379009248105,9.86080916953011,-1.733192824796553,-0.9488416625637518,-1135833000.0,0.7441846583309444,0.35708274046610705,0.04047418700193041,0.024235766535871704,0.02854563895601483,0.13335494022003314,0.050960333362370214,-0.1177918132379554,-0.5348896836882293,0.12306743165696288,32.28393130026656,0.18880547588455562,0.2807127310400992,False,False,True,False,True,True,True,True,5,0.0
"Lucid Group, Inc.",LCID,Auto Manufacturers,2025,1353790000.0,2610176000.0,-1256386000.0,-3501753000.0,-2154040000.0,95101000.0,-2698051000.0,997827000.0,177162000.0,1109529000.0,3299651000.0,8386981000.0,2636130000.0,7669694000.0,671746000.0,2046576000.0,2718322000.0,717287000.0,-2931912000.0,1478429000.0,887344000.0,-868158000.0,0.0,,,1.251702685375911,0.8308095579504804,0.3785196481205403,-1.9929612421424296,-2.586629388605323,-0.3216951367840228,-3.7614664701855753,False,3.78972712456799,False,0.3241120970704476,0.914476138672545,-36.82141092102081,0.1614156512337395,3.440546812337417,9.362730689830457,-1.1122031159313084,-1.078574208647835,-2063754000.0,1.086677753682195,0.6758311133998158,0.005855320415837921,-0.1670502673540151,0.27706608386483306,-0.1306964156356425,-0.040397312411108,-3.0606986559978484,-2.930888615852709,3.2401089143372843,54.31597024108472,-0.4516758645207098,-0.8169519638890577,True,False,True,False,True,True,True,True,6,
Linde plc,LIN,Specialty Chemicals,2023,32854000000.0,17492000000.0,15362000000.0,8105000000.0,12217000000.0,413000000.0,6199000000.0,4664000000.0,5092000000.0,2115000000.0,12620000000.0,80811000000.0,15717000000.0,39716000000.0,5976000000.0,13397000000.0,19373000000.0,39720000000.0,9305000000.0,-4670000000.0,-5400000000.0,-3787000000.0,0.0,,,0.8029522173442769,0.6683845517592416,0.2967487433988675,0.1886832653558166,0.2466975101966275,0.0767098538565294,0.156067472306143,False,0.4877391742195368,False,0.2397322146737449,0.4914677457276856,19.624697336561745,0.4065535632525275,8.270449172576832,6.452081696779262,0.5920341032003563,0.4803076446600939,13092000000.0,1.501048556218745,,,,,,,,,,,,,False,False,False,False,False,False,False,False,0,0.0
Linde plc,LIN,Specialty Chemicals,2024,33005000000.0,17143000000.0,15862000000.0,8595000000.0,12836000000.0,487000000.0,6565000000.0,4850000000.0,5062000000.0,1946000000.0,12945000000.0,80147000000.0,14544000000.0,40659000000.0,6280000000.0,15343000000.0,21623000000.0,38092000000.0,9423000000.0,-4644000000.0,-4359000000.0,-4497000000.0,0.0,,,0.8900577557755776,0.7562568756875687,0.3334708470847085,0.198909256173307,0.2604150886229359,0.0819119867243939,0.1723458994014491,False,0.5676520004200357,False,0.2697917576453267,0.5073053264626249,17.648870636550306,0.41180580682995,8.442748091603054,6.500886350206815,0.6478960396039604,0.4357859686444989,13920000000.0,1.4353389185072354,0.004596091800085226,0.05904178093240845,0.06045650832819247,0.11614102100862024,-0.008216703171597926,0.005202132867864501,0.01627842709530608,0.08710553843130064,0.07991282620049894,-1.9758267000114387,0.012681354110693176,0.06324472960586618,False,False,True,True,False,False,False,True,3,0.0
Linde plc,LIN,Specialty Chemicals,2025,33986000000.0,17389000000.0,16597000000.0,9254000000.0,13124000000.0,464000000.0,6898000000.0,5056000000.0,5464000000.0,2055000000.0,13325000000.0,86817000000.0,15198000000.0,47076000000.0,6306000000.0,20683000000.0,26989000000.0,38245000000.0,10350000000.0,-5721000000.0,-4554000000.0,-5261000000.0,0.0,,,0.8767601000131596,0.7415449401237005,0.3326753520200026,0.202965927146472,0.2722885894191726,0.0794544847207344,0.1803634462021179,False,0.705687017910838,False,0.3108722945966803,0.5422440305470126,19.94396551724138,0.3914671089763525,8.692326918270432,6.45753372601178,0.681010659297276,0.3834895698247434,15611000000.0,1.5004349086691795,0.029722769277382214,0.050723533891850726,0.07667248400232693,0.24816167969291958,0.08322207942904912,-0.0024575020036595036,0.008017546800668796,-0.013297655762417926,0.13803501749080227,2.2950948806910745,0.09837631327602674,0.12147988505747126,True,False,True,False,False,False,True,True,4,
"Lumen Technologies, Inc.",LUMN,Telecom Services,2023,14557000000.0,7144000000.0,7413000000.0,1230000000.0,-6094000000.0,1158000000.0,-10298000000.0,2234000000.0,1610000000.0,209000000.0,4775000000.0,34018000000.0,3534000000.0,33601000000.0,157000000.0,19831000000.0,19988000000.0,417000000.0,2160000000.0,-1201000000.0,-18000000.0,-3100000000.0,1.0,Comprehensive Distressed Debt Restructuring,2024.0,1.3511601584606678,1.292020373514431,0.6321448783248443,-0.7074259806278766,0.0844954317510476,-0.3027220883061908,-24.69544364508393,False,47.932853717026376,False,0.5875712857898759,0.987741783761538,1.0621761658031088,0.427920512669763,34.18181818181818,9.041614906832296,0.6112054329371817,0.108064838903342,5260000000.0,-0.2097494659157117,,,,,,,,,,,,,False,False,False,False,False,False,False,False,0,1.0
"Lumen Technologies, Inc.",LUMN,Telecom Services,2024,13108000000.0,6703000000.0,6405000000.0,477000000.0,4098000000.0,1372000000.0,-55000000.0,1889000000.0,1730000000.0,146000000.0,4394000000.0,33496000000.0,3639000000.0,33032000000.0,412000000.0,17494000000.0,17906000000.0,464000000.0,4333000000.0,-2830000000.0,-1851000000.0,-3231000000.0,1.0,Comprehensive Distressed Debt Restructuring,2024.0,1.2074745809288263,1.167353668590272,0.5190986534762297,-0.0041959108941104,0.0363899908452853,-0.0016419871029376,-0.1185344827586206,False,38.59051724137931,False,0.5345712920945784,0.9861475997133986,0.347667638483965,0.3913303080964891,37.76338028169014,7.849101796407186,1.1907117339928552,0.2419859265050821,7564000000.0,-78.78181818181818,-0.09953974033111218,0.994659157117887,-0.6121951219512195,-0.1041624974984991,-0.015344817449585513,0.3010801012032532,24.57690916232531,-0.14368557753184152,-9.342336475647066,-0.7145085273191438,1.0060185185185184,0.43802281368821294,False,True,False,True,False,False,True,False,3,0.0
"Lumen Technologies, Inc.",LUMN,Telecom Services,2025,12402000000.0,6638000000.0,5764000000.0,-184000000.0,1317000000.0,1284000000.0,-1739000000.0,1003000000.0,1800000000.0,165000000.0,7909000000.0,34342000000.0,4390000000.0,35459000000.0,88000000.0,17353000000.0,17441000000.0,-1117000000.0,4738000000.0,-4305000000.0,-1319000000.0,-4367000000.0,0.0,,,1.8015945330296128,1.764009111617312,0.2284738041002278,-0.1402193194646024,-0.0148363167231091,-0.0506377031040708,1.556848701880036,True,-15.61414503133393,True,0.5078620930638867,1.0325257701939317,-0.1433021806853582,0.3611321414011997,42.68810289389067,7.026628895184136,1.079271070615034,0.2716587351642681,9105000000.0,-2.7245543415756184,-0.05386023802258163,-30.618181818181817,-1.3857442348008386,-0.025968948955657323,0.025256747074277525,-0.0489957160011332,1.6753831846386567,0.5941199521007865,-54.204662272713236,-0.49096981916932314,0.09346872836372029,0.20372818614489688,True,True,False,True,False,False,False,False,3,
McDonald's Corporation,MCD,Restaurants,2023,25495000000.0,10931000000.0,14564000000.0,11747000000.0,13861000000.0,1361000000.0,8469000000.0,4579000000.0,2488000000.0,53000000.0,7986000000.0,56147000000.0,6859000000.0,60854000000.0,2192000000.0,37153000000.0,39345000000.0,-4706000000.0,9612000000.0,-3185000000.0,-4374000000.0,-2357000000.0,0.0,,,1.1643096661320893,1.1565825922146085,0.667590027700831,0.3321827809374387,0.4607570111786624,0.1508361978378185,-1.7996175095622609,True,-8.360603484912877,True,0.7007498174434965,1.0838335084688406,8.631153563556209,0.4540759078846599,206.24528301886792,10.247186495176848,1.4013704621664966,0.2443004193671368,11969000000.0,1.134962805526036,,,,,,,,,,,,,False,False,False,False,False,False,False,False,0,0.0
McDonald's Corporation,MCD,Restaurants,2024,25920000000.0,11210000000.0,14710000000.0,11851000000.0,13948000000.0,1506000000.0,8223000000.0,1085000000.0,2383000000.0,56000000.0,4599000000.0,55182000000.0,3861000000.0,58979000000.0,636000000.0,38424000000.0,39060000000.0,-3796000000.0,9447000000.0,-5346000000.0,-7495000000.0,-2775000000.0,0.0,,,1.191142191142191,1.1766381766381766,0.281015281015281,0.3172453703703703,0.4572145061728395,0.1490159834728716,-2.16622760800843,True,-10.289778714436247,True,0.7078395128846363,1.0688086694936754,7.869189907038512,0.4697183864303577,205.6880733944954,10.642578525970029,2.4467754467754466,0.2418586789554531,12222000000.0,1.148850784385261,0.016669935281427732,-0.029047113000354233,0.008853324253000765,-0.0072436141822340835,-0.017187026911500168,-0.0018202143649468927,-0.3666100984461691,0.026832525010101804,-1.92917522952337,-0.7619636565176968,-0.017166042446941324,0.02113793967750021,True,False,False,True,False,False,False,False,2,0.0
McDonald's Corporation,MCD,Restaurants,2025,26885000000.0,11451000000.0,15434000000.0,12394000000.0,14678000000.0,1582000000.0,8563000000.0,774000000.0,2466000000.0,61000000.0,4163000000.0,59515000000.0,4361000000.0,61306000000.0,694000000.0,39973000000.0,40667000000.0,-1790000000.0,10551000000.0,-3822000000.0,-7125000000.0,-3365000000.0,0.0,,,0.9545975693648244,0.9406099518459068,0.1774822288465948,0.3185047424214245,0.4610005579319323,0.1438796941947408,-4.783798882681564,True,-22.71899441340782,True,0.6833067293959506,1.0300932538015626,7.834386852085967,0.4517348567588003,195.74358974358972,11.088884306042482,2.419399220362302,0.2594486930434996,13916000000.0,1.2321616255985053,0.03722993827160494,0.0413474401070169,0.045818918234748124,0.04114183307731695,0.07852198180566126,-0.0051362892781307845,-2.6175712746731343,-0.23654462177736668,-12.429215698971573,-0.034803054952544876,0.11686249603048587,0.13860252004581902,True,False,True,True,False,False,True,False,4,
Microsoft Corporation,MSFT,Software - Infrastructure,2023,211915000000.0,65863000000.0,146052000000.0,88523000000.0,105140000000.0,1968000000.0,72361000000.0,34704000000.0,48688000000.0,2500000000.0,184257000000.0,411976000000.0,104149000000.0,205753000000.0,5247000000.0,41990000000.0,47237000000.0,206223000000.0,87582000000.0,-22680000000.0,-43935000000.0,-28107000000.0,0.0,,,1.76916725076573,1.745163179675273,0.3332149132492871,0.3414623787839464,0.417728806361041,0.175643726819038,0.350887146438564,False,0.2290578645446919,False,0.1146595918208827,0.499429578422044,44.98119918699187,0.5143867603938094,26.3452,4.3525098586920805,0.84092982169776,1.8540974236297816,115689000000.0,1.2103481156976823,,,,,,,,,,,,,False,False,False,False,False,False,False,False,0,0.0
Microsoft Corporation,MSFT,Software - Infrastructure,2024,245122000000.0,74114000000.0,171008000000.0,109433000000.0,131680000000.0,2935000000.0,88136000000.0,18315000000.0,56924000000.0,1246000000.0,159734000000.0,512163000000.0,125286000000.0,243686000000.0,8942000000.0,42688000000.0,51630000000.0,268477000000.0,118548000000.0,-96970000000.0,-37757000000.0,-44477000000.0,0.0,,,1.2749549031815206,1.2650096579027186,0.1461855275130501,0.3595597294408498,0.4464429957327371,0.1720858398595759,0.3282813797829981,False,0.1923069760165675,False,0.1008077506575055,0.475797744077569,37.285519591141394,0.4786015389631816,39.56967431927389,4.641934628640684,0.9462190508117428,2.296106914584544,163025000000.0,1.345057638195516,0.15669962013071279,0.2180041735188845,0.236209798583419,0.09299913203632745,0.2431864963007554,-0.003557886959462103,-0.022605766655565906,-0.4942123475842093,-0.036750888528124415,-7.6956795958504784,0.35356580119202574,0.40916595354787405,True,False,True,True,False,False,True,False,4,0.0
Microsoft Corporation,MSFT,Software - Infrastructure,2025,281724000000.0,87831000000.0,193893000000.0,128528000000.0,155445000000.0,2385000000.0,101832000000.0,30242000000.0,69905000000.0,938000000.0,191131000000.0,619003000000.0,141218000000.0,275524000000.0,2999000000.0,40152000000.0,43151000000.0,343479000000.0,136162000000.0,-72599000000.0,-51699000000.0,-64551000000.0,0.0,,,1.3534464445042416,1.3468042317551587,0.2141511705306689,0.3614601524896707,0.4562195624085985,0.1645097035070912,0.2964722734140952,False,0.1256292233295194,False,0.0697104860558026,0.4451093128789359,53.89014675052411,0.4551254194244616,80.43131868131869,4.442580166996507,0.964197198657395,3.1554772774674977,200713000000.0,1.3371238903291696,0.1493215623240672,0.15539620586366523,0.17449032741494797,-0.1642262250629479,0.20860546349502013,-0.007576136352484691,-0.031809106368902884,0.07849154132272096,-0.06667775268704809,16.604627159382716,0.14858116543509803,0.23117926698359148,True,False,False,False,False,False,False,False,1,
"Microvision, Inc.",MVIS,Scientific & Technical Instruments,2023,7259000.0,2772000.0,4487000.0,-88909000.0,-73752000.0,80000.0,-82842000.0,45167000.0,949000.0,3874000.0,86754000.0,129635000.0,20503000.0,33831000.0,2323000.0,12714000.0,15037000.0,95804000.0,-67090000.0,21822000.0,72438000.0,-1935000.0,1.0,Going Concern & Continuous ATM Equity Financing,2023.0,4.231283226844852,4.04233526800956,2.202945910354582,-11.41231574597052,-12.248105799696928,-0.6390403826127203,-0.8647029351592835,False,0.1569558682309715,False,0.1159949087823504,0.2609711883364832,-1111.3625,0.055995680178964,0.715539494062984,7.649104320337197,-3.2722040676974102,-4.461661235618807,-65155000.0,0.8098549045170325,,,,,,,,,,,,,False,False,False,False,True,True,False,False,2,0.0
"Microvision, Inc.",MVIS,Scientific & Technical Instruments,2024,4696000.0,7530000.0,-2834000.0,-81195000.0,-85031000.0,4457000.0,-96915000.0,54486000.0,926000.0,2294000.0,82470000.0,121161000.0,45951000.0,72392000.0,24248000.0,8754000.0,33002000.0,48769000.0,-68540000.0,2672000.0,72890000.0,-374000.0,0.0,,,1.7947378729516223,1.744815129159322,1.1857413331592348,-20.637776831345825,-17.290247018739354,-0.7998861019635031,-1.9872254916032728,False,0.6767003629354713,False,0.2723813768456846,0.5974859897161628,-18.21741081444918,0.0387583463325657,2.4416342412451364,5.009066666666667,-1.4915888664011665,-2.076843827646809,-68166000.0,0.7072176649641438,-0.35307893649262984,-0.1698775983196929,0.08676286990068496,1.1947196914278113,-0.06536814903382575,-0.16084571935078273,-1.1225225564439891,-2.436545353893229,0.5197444947044998,1093.1450891855507,-0.02161275898047399,-0.046212876985649604,True,True,True,False,True,True,True,True,7,0.0
"Microvision, Inc.",MVIS,Scientific & Technical Instruments,2025,1208000.0,18548000.0,-17340000.0,-69385000.0,-70710000.0,18531000.0,-94981000.0,32363000.0,47000.0,745000.0,81112000.0,103119000.0,30149000.0,47571000.0,19212000.0,14061000.0,33273000.0,55548000.0,-58720000.0,-24648000.0,60869000.0,-679000.0,0.0,,,2.6903711565889417,2.665660552588809,1.073435271484958,-78.62665562913908,-57.437913907284766,-0.9210814689824378,-1.7098905451141355,False,0.5989954633830201,False,0.3226660460244959,0.4613213859715474,-3.744266364470347,0.0117146209718868,12.206646923330045,2.483042137718397,-1.9476599555540812,-1.764794277642533,-58041000.0,0.6182289089396826,-0.7427597955706985,0.019955631223236858,0.1454523061764887,0.008211623537967396,-0.14890930249832868,-0.12119536701893474,0.27733494648913726,0.8956332836373193,-0.07770489955245119,14.473144449978834,0.14327400058360082,0.1485344599947188,True,True,True,False,True,True,False,False,5,
Norwegian Cruise Line Holdings,NCLH,Travel Services,2023,8549924000.0,5468587000.0,3081337000.0,930911000.0,1773943000.0,727531000.0,166178000.0,402415000.0,280271000.0,157646000.0,1313148000.0,19492990000.0,6038701000.0,19192183000.0,1744778000.0,12314147000.0,14058925000.0,300807000.0,2005714000.0,-2897143000.0,346857000.0,-2750362000.0,1.0,Elevated Debt / Interest Coverage Deficit,2023.0,0.2174553765785059,0.1913494309454964,0.0666393318695527,0.0194361961580009,0.1088794473494735,0.0085250133509533,0.5524406014487695,False,46.73735983537617,False,0.7212297856819297,0.9845684525565344,1.279548225436442,0.4386153176090481,34.68903112035827,30.50591748700365,0.3321432871076081,0.1426648196786027,4756076000.0,12.069672279122386,,,,,,,,,,,,,False,False,False,False,False,False,False,False,0,0.0
Norwegian Cruise Line Holdings,NCLH,Travel Services,2024,9479651000.0,5688696000.0,3790955000.0,1465906000.0,2493642000.0,747223000.0,910257000.0,190765000.0,221412000.0,149718000.0,1010104000.0,19969811000.0,5780865000.0,18544372000.0,1323769000.0,11776721000.0,13100490000.0,1425439000.0,2049823000.0,-1229388000.0,-1032085000.0,-1210952000.0,0.0,,,0.1747323281204456,0.1488334358266453,0.032999386769973,0.0960222058807861,0.1546371274638697,0.0455816532264626,0.6385801146173214,False,9.190494998382954,False,0.6560147214212493,0.9286203059207722,1.9618052442175895,0.4746990845331486,37.0160200934397,37.79139815381426,0.3545875919953156,0.1564691855037483,3260775000.0,2.2519167663637853,0.10874096658636966,4.477602330031653,0.5747004815712781,-0.06817270879530263,0.024461152445058455,0.0370566398755093,0.08613951316855195,-0.0427230484580603,-37.546864836993215,0.6822570187811474,0.021991669799383162,-0.3143980457839614,False,False,False,False,False,False,True,False,1,0.0
Norwegian Cruise Line Holdings,NCLH,Travel Services,2025,9827592000.0,5639163000.0,4188429000.0,1560868000.0,2544335000.0,953506000.0,423246000.0,209893000.0,291659000.0,138181000.0,1138541000.0,22541401000.0,5452577000.0,20331513000.0,875899000.0,13730277000.0,14606176000.0,2209888000.0,2089746000.0,-3264691000.0,1194073000.0,-3259606000.0,0.0,,,0.2088078719475213,0.1834655429900394,0.038494275275709,0.0430671114551764,0.1588250712890807,0.018776383952355,0.1915237333294719,False,6.609464371045048,False,0.6479710821878374,0.9019631477209424,1.6369776383158574,0.4359796447434655,39.17459247861229,38.30889681934859,0.3832584115730965,0.143072765931343,5349352000.0,4.937426461206957,0.036703988364128595,-0.5350258223776362,0.06478041566103147,0.11493356355372968,0.12877387772973917,-0.026805269274107597,-0.4470563812878495,0.0340755438270757,-2.5810306273379062,-0.3248276059017321,0.019476315759946104,0.6405155216167936,True,False,True,True,False,False,False,False,3,
"NextEra Energy, Inc.",NEE,Utilities - Regulated Electric,2023,28114000000.0,10138000000.0,17976000000.0,9832000000.0,16763000000.0,3324000000.0,7310000000.0,2690000000.0,6040000000.0,2106000000.0,15361000000.0,177489000000.0,27963000000.0,118465000000.0,11806000000.0,61405000000.0,73211000000.0,47468000000.0,11301000000.0,-23467000000.0,12149000000.0,-9548000000.0,0.0,,,0.5493330472409971,0.4740192397096163,0.0961985480813932,0.2600128050081809,0.3497190012093619,0.0411856509417485,0.1539984831886744,False,1.5423232493469283,False,0.4124819002867783,0.6674498137912772,2.957882069795428,0.1583985486424511,4.813865147198481,4.654635761589404,0.4041411865679648,0.1543620494188032,20849000000.0,1.5459644322845418,,,,,,,,,,,,,False,False,False,False,False,False,False,False,0,0.0
"NextEra Energy, Inc.",NEE,Utilities - Regulated Electric,2024,24753000000.0,9886000000.0,14867000000.0,7127000000.0,14033000000.0,2235000000.0,6946000000.0,1487000000.0,4516000000.0,2214000000.0,11951000000.0,190144000000.0,25355000000.0,129283000000.0,9948000000.0,72385000000.0,82333000000.0,50101000000.0,13260000000.0,-22264000000.0,7000000000.0,-8514000000.0,0.0,,,0.4713468743837507,0.384026819167817,0.0586472096233484,0.2806124510160384,0.2879246959964449,0.0365302086839448,0.138639947306441,False,1.6433404522863817,False,0.4330034079434534,0.6799215331538203,3.188814317673378,0.1301802844160215,4.576851851851852,4.6898446381205,0.522973772431473,0.1610532836165328,21774000000.0,1.909012381226605,-0.11954897915629224,-0.04979480164158687,-0.2751220504475183,0.12459876248104793,0.07130019325141276,-0.004655442257803705,-0.015358535882233404,-0.07798617285724635,0.10101720293945338,0.2309322478779503,0.17334749137244493,0.04436663628951029,True,True,True,False,False,False,True,True,5,0.0
"NextEra Energy, Inc.",NEE,Utilities - Regulated Electric,2025,27412000000.0,10343000000.0,17069000000.0,8020000000.0,16043000000.0,4572000000.0,6835000000.0,2812000000.0,5751000000.0,2420000000.0,13584000000.0,212721000000.0,22817000000.0,146242000000.0,6063000000.0,89556000000.0,95619000000.0,54608000000.0,12485000000.0,-23865000000.0,12979000000.0,-9274000000.0,0.0,,,0.5953455756672656,0.4892843055616426,0.1232414427838892,0.2493433532759375,0.2925725959433825,0.0321312893414378,0.1251648110167008,False,1.751007178435394,False,0.4495042802544177,0.687482665087133,1.7541557305336832,0.1288636288847833,4.463962019853258,5.339826629005552,0.547179734408555,0.1305702841485478,21759000000.0,1.8266276517922455,0.10742132266795944,-0.015980420385833572,0.1252981619194612,0.16136907436872214,0.1187363261528105,-0.004398919342506996,-0.013475136289740203,0.12399870128351492,0.10766672614901229,-1.4346585871396949,-0.058446455505279035,-0.0006888950124001103,True,False,True,True,False,False,False,True,4,
"Nike, Inc.",NKE,Footwear & Accessories,2023,51217000000.0,28925000000.0,22292000000.0,5915000000.0,6774000000.0,,5070000000.0,7441000000.0,4131000000.0,8454000000.0,25202000000.0,37531000000.0,9256000000.0,23527000000.0,6000000.0,8927000000.0,8933000000.0,14004000000.0,5841000000.0,564000000.0,-7447000000.0,-969000000.0,0.0,,,2.7227744165946413,1.8094209161624888,0.8039109766637856,0.0989905695374582,0.1154889977937013,0.1350883269830273,0.3620394173093402,False,0.6378891745215652,False,0.2380165729663478,0.6268684554101942,,1.3646585489328822,3.421457298320321,12.398208666182525,0.6310501296456352,0.6538676816299116,6810000000.0,1.1520710059171595,,,,,,,,,,,,,False,False,False,False,False,False,False,False,0,0.0
"Nike, Inc.",NKE,Footwear & Accessories,2024,51362000000.0,28475000000.0,22887000000.0,6311000000.0,7155000000.0,,5700000000.0,9860000000.0,4427000000.0,7519000000.0,25382000000.0,38110000000.0,10593000000.0,23680000000.0,1006000000.0,7903000000.0,8909000000.0,14430000000.0,7429000000.0,894000000.0,-5888000000.0,-812000000.0,0.0,,,2.3961106391012934,1.6863022750873218,0.9308033607099028,0.110976986877458,0.1228729410848487,0.1495670427709262,0.395010395010395,False,0.6173943173943174,False,0.2337706638677512,0.6213592233009708,,1.347730254526371,3.5653915983221687,12.003271792474877,0.7013121872934958,0.8338758558760804,8241000000.0,1.3033333333333332,0.0028310912392369722,0.1242603550295858,0.06694843617920541,-0.0026866674129631704,0.015427246809304308,0.014478715787898888,0.03297097770105478,-0.32666377749334785,-0.020494857127247856,,0.2718712549221024,0.21013215859030837,False,False,False,False,False,False,True,False,1,0.0
"Nike, Inc.",NKE,Footwear & Accessories,2025,46309000000.0,26519000000.0,19790000000.0,3702000000.0,4510000000.0,,3219000000.0,7464000000.0,4717000000.0,7489000000.0,23362000000.0,36579000000.0,10566000000.0,23366000000.0,5000000.0,7961000000.0,7966000000.0,13213000000.0,3698000000.0,-275000000.0,-5820000000.0,-430000000.0,0.0,,,2.2110543251940187,1.5022714366837024,0.7064168086314594,0.0695113260921203,0.0799412641171262,0.0880013122283277,0.2436237039279497,False,0.602891092106259,False,0.217775226222696,0.6387818147024249,,1.2659996172667378,3.5339818763326227,10.12882764654418,0.3499905356804845,0.4642229475269897,4128000000.0,1.1488039763901834,-0.09838012538452552,-0.43526315789473685,-0.4134051655839011,-0.10584801885733527,-0.040173182891629494,-0.06156573054259849,-0.1513866910824453,-0.18505631390727473,-0.014503225288058363,,-0.5022210257100552,-0.49908991627229704,True,True,False,False,False,False,True,False,3,
NVIDIA Corporation,NVDA,Semiconductors,2023,26974000000.0,11618000000.0,15356000000.0,5577000000.0,5986000000.0,262000000.0,4368000000.0,3389000000.0,3827000000.0,5159000000.0,23073000000.0,41182000000.0,6563000000.0,19081000000.0,1250000000.0,9703000000.0,10953000000.0,22101000000.0,5641000000.0,7375000000.0,-11617000000.0,-1833000000.0,0.0,,,3.515617857687033,2.7295444156635686,0.516379704403474,0.1619337139467635,0.206754652628457,0.1060657568840755,0.1976381159223564,False,0.4955884349124474,False,0.2659657131756592,0.4633334952163566,21.28625954198473,0.6549949006847652,2.251986819150998,7.04834073686961,0.8595154654883438,0.5150187163334247,7474000000.0,1.291437728937729,,,,,,,,,,,,,False,False,False,False,False,False,False,False,0,0.0
NVIDIA Corporation,NVDA,Semiconductors,2024,60922000000.0,16621000000.0,44301000000.0,32972000000.0,35583000000.0,257000000.0,29760000000.0,7280000000.0,9999000000.0,5282000000.0,44345000000.0,65728000000.0,10631000000.0,22750000000.0,1250000000.0,8459000000.0,9709000000.0,42978000000.0,28090000000.0,-10566000000.0,-13633000000.0,-1069000000.0,0.0,,,4.171291505973097,3.6744426676700215,0.6847897657793246,0.4884934834706674,0.5412166376678376,0.4527750730282376,0.6924472986178976,False,0.2259062776304155,False,0.1477148247322298,0.346123417721519,128.295719844358,0.9268804771178188,3.1837946556843213,8.812671777809923,2.642272599002916,2.893191883819137,29159000000.0,0.9438844086021504,1.2585452658115222,5.813186813186813,4.912139142908374,-0.11357618917191636,0.5960371035889467,0.3467093161441621,0.4948091826955412,0.6556736482860641,-0.26968215728203193,107.00946030237326,3.979613543697926,2.9013914905004015,False,False,False,False,False,False,False,False,0,0.0
NVIDIA Corporation,NVDA,Semiconductors,2025,130497000000.0,32639000000.0,97858000000.0,81453000000.0,86137000000.0,247000000.0,72880000000.0,8589000000.0,23065000000.0,10080000000.0,80126000000.0,111601000000.0,18047000000.0,32274000000.0,288000000.0,8463000000.0,8751000000.0,79327000000.0,64089000000.0,-20421000000.0,-42359000000.0,-3236000000.0,0.0,,,4.439851498864077,3.881309913004932,0.4759239762841469,0.5584802715771244,0.6241752683969747,0.6530407433625147,0.9187288060811576,False,0.1103155293910018,False,0.0784132758667037,0.2891909570702771,329.7692307692308,1.169317479234057,4.249316495248015,7.893600290345995,3.551227350806228,7.323620157696263,67325000000.0,0.8793770581778265,1.1420340763599357,1.4489247311827957,1.470368797767803,-0.0986713358739314,0.6979217380720545,0.2002656703342771,0.22628150746326003,0.26855999289097987,-0.11559074823941369,201.47351092487278,1.281559273762905,1.3088926232038136,False,False,False,False,False,False,False,False,0,
Opendoor Technologies Inc,OPEN,Real Estate Services,2023,6946000000.0,6459000000.0,487000000.0,-372000000.0,9000000.0,211000000.0,-275000000.0,999000000.0,,1775000000.0,3445000000.0,3567000000.0,70000000.0,2600000000.0,5000000.0,2510000000.0,2515000000.0,967000000.0,2344000000.0,44000000.0,-2639000000.0,-37000000.0,1.0,Severe Inventory Write-downs & Heavy Losses,2023.0,49.21428571428572,23.857142857142858,14.271428571428572,-0.0395911315865246,-0.053556003455226,-0.0770955985421923,-0.2843846949327818,False,2.600827300930713,False,0.7050742921222316,0.7289038407625456,-1.7630331753554502,1.9472946453602469,3.63887323943662,,33.48571428571429,0.9320079522862824,2381000000.0,-8.523636363636363,,,,,,,,,,,,,False,False,False,False,False,False,False,False,0,0.0
Opendoor Technologies Inc,OPEN,Real Estate Services,2024,5153000000.0,4720000000.0,433000000.0,-303000000.0,-205000000.0,133000000.0,-392000000.0,671000000.0,,2159000000.0,2997000000.0,3126000000.0,529000000.0,2413000000.0,432000000.0,1870000000.0,2302000000.0,713000000.0,-595000000.0,28000000.0,-210000000.0,-25000000.0,0.0,,,5.665406427221172,1.5841209829867675,1.268431001890359,-0.0760721909567242,-0.0588006986221618,-0.1253998720409469,-0.5497896213183731,False,3.228611500701262,False,0.7364043506078055,0.77191298784389,-2.278195488721805,1.648432501599488,2.3995932892730045,,-1.1247637051039698,-0.2584708948740226,-570000000.0,1.5178571428571428,-0.2581341779441405,-0.4254545454545455,0.18548387096774194,-0.08469184890656063,-0.12363330529857022,-0.0483042734987546,-0.26540492638559127,-43.54887928706455,0.6277841997705491,-0.5151623133663548,-1.253839590443686,-1.239395212095758,True,True,False,True,True,True,True,True,7,0.0
Opendoor Technologies Inc,OPEN,Real Estate Services,2025,4371000000.0,4021000000.0,350000000.0,-277000000.0,-1123000000.0,131000000.0,-1300000000.0,962000000.0,,925000000.0,2299000000.0,2407000000.0,327000000.0,1402000000.0,245000000.0,1068000000.0,1313000000.0,1005000000.0,1049000000.0,-12000000.0,-499000000.0,-12000000.0,0.0,,,7.030581039755352,4.201834862385321,2.941896024464832,-0.2974147792267215,-0.0633722260352322,-0.540091400083091,-1.2935323383084578,False,1.3064676616915425,False,0.5454923140839218,0.5824678022434566,-2.114503816793893,1.8159534690486083,2.6076523994811933,,3.207951070336392,0.7989337395277989,1061000000.0,-0.806923076923077,-0.15175625849019989,-2.316326530612245,0.0858085808580858,-0.42962641181581235,-0.23000639795265515,-0.41469152804214404,-0.7437427169900848,1.3651746125341795,-1.9221438390097196,0.163691671927912,2.7630252100840336,2.8614035087719296,True,True,False,False,False,False,False,False,2,
"Banzai International, Inc.",PARA,Software - Application,2023,4561300.0,1444618.0,3116682.0,-9795551.0,-8671383.0,5554474.0,-14406262.0,2093718.0,105049.0,0.0,2939922.0,5288486.0,37089615.0,37164615.0,16164856.0,0.0,16164856.0,-31876129.0,-1550781.0,0.0,2621000.0,,1.0,Credit Rating Downgrade to Junk / $6B Impairment,2024.0,0.0792653684865696,0.0792653684865696,0.0564502489443473,-3.158367570648718,-2.147534913292263,-2.724080578070926,0.4519451530642255,True,-0.5071147754484241,True,3.056613178138318,7.027458331174556,-1.7635425064551566,0.8624963741985892,,43.42068939256918,-0.0418117308578155,-0.0959353426965263,,0.107646313804372,,,,,,,,,,,,,False,False,False,False,True,False,False,False,1,1.0
"Banzai International, Inc.",PARA,Software - Application,2024,4527879.0,1422542.0,3105337.0,-13467744.0,-28304392.0,3047101.0,-31513389.0,1087497.0,937121.0,0.0,2667492.0,25674078.0,28260148.0,28437880.0,12429758.0,49974.0,12479732.0,-2763802.0,-9575403.0,82219.0,8486963.0,,1.0,Credit Rating Downgrade to Junk / $6B Impairment,2024.0,0.0943905884710865,0.0943905884710865,0.0384816456021391,-6.959856701117675,-2.974404572206987,-1.2274399493528063,11.402187638622449,True,-4.515421871754923,True,0.4860829666405157,1.1076495132561333,-4.419854806256832,0.1763599456229742,,8.689328996229023,-0.3388306034349148,-0.7672763325366282,,0.3038518960940697,-0.007327077806765615,-1.187478542317223,-0.37488376100537885,-0.22797134722387877,3.854712293839863,1.4966406287181198,10.950242485558224,0.015125219984516894,-4.008307096306499,-2.6563122998016753,-5.174568169199906,,False,True,False,True,True,False,False,False,3,0.0
"Banzai International, Inc.",PARA,Software - Application,2025,12161419.0,2188583.0,9972836.0,-18464980.0,-18879800.0,2384493.0,-22492075.0,259205.0,722066.0,0.0,1413497.0,31631514.0,22370810.0,23576513.0,10570412.0,33922.0,10604334.0,8055001.0,-15706619.0,-2678980.0,17633523.0,,0.0,,,0.0631848824427904,0.0631848824427904,0.0115867507703118,-1.8494613992002085,-1.518324465261825,-0.7110653950993304,-2.79231188177382,False,1.31649071179507,False,0.3352458563949863,0.7453488631622248,-7.7437761402528755,0.3844716063859605,,14.659491666701824,-0.7021032765465354,-1.4811509143337054,,0.6983179186446782,1.6858975250884576,0.28626924257495756,-0.3710521970123578,-0.15027550271111592,0.23204089354250618,0.5163745542534759,-14.194499520396269,-0.0312057060282961,5.831912583549993,-3.3239213339960436,-0.6403089248567397,,False,False,False,True,True,False,True,True,4,
"Pepsico, Inc.",PEP,Beverages - Non-Alcoholic,2023,91471000000.0,41881000000.0,49590000000.0,12913000000.0,15754000000.0,819000000.0,9074000000.0,9711000000.0,10815000000.0,5334000000.0,26950000000.0,100495000000.0,31647000000.0,81858000000.0,6510000000.0,37595000000.0,44105000000.0,18503000000.0,13442000000.0,-5495000000.0,-3009000000.0,-5518000000.0,0.0,,,0.851581508515815,0.6830347268303473,0.3068537302113944,0.0992008396103683,0.1411704255993703,0.090293049405443,0.4904069610333459,False,2.383667513376209,False,0.4388775560973182,0.8145479874620628,15.766788766788768,0.910204487785462,7.851706036745407,8.457790106333796,0.4247480013903371,0.3047727015077656,18960000000.0,1.481375358166189,,,,,,,,,,,,,False,False,False,False,False,False,False,False,0,0.0
"Pepsico, Inc.",PEP,Beverages - Non-Alcoholic,2024,91854000000.0,41744000000.0,50110000000.0,12920000000.0,16680000000.0,919000000.0,9578000000.0,8505000000.0,10333000000.0,5306000000.0,25826000000.0,99467000000.0,31536000000.0,81296000000.0,7082000000.0,37224000000.0,44306000000.0,18041000000.0,12507000000.0,-5472000000.0,-7556000000.0,-5318000000.0,0.0,,,0.8189370877727042,0.6506849315068494,0.2696917808219178,0.1042741742330219,0.1406580007403052,0.0962932429851106,0.5309018347098277,False,2.4558505626073943,False,0.4454341640946243,0.8173162958569173,14.058759521218716,0.9234620527411102,7.846616541353383,8.686778891620957,0.3965943683409437,0.2822868234550625,17825000000.0,1.3058049697222802,0.004187119414896525,0.055543310557637206,0.000542089367304267,0.004557306427842648,-0.010229364645007214,0.0060001935796676065,0.040494873676481746,-0.0326444207431108,0.07218304923118524,-1.7080292455700512,-0.06955810147299508,-0.059862869198312234,False,False,True,True,False,False,True,True,4,0.0
"Pepsico, Inc.",PEP,Beverages - Non-Alcoholic,2025,93925000000.0,43066000000.0,50859000000.0,13491000000.0,15543000000.0,1121000000.0,8240000000.0,9159000000.0,11506000000.0,5845000000.0,27949000000.0,107399000000.0,32764000000.0,86852000000.0,6861000000.0,42321000000.0,49182000000.0,20406000000.0,12087000000.0,-6879000000.0,-4979000000.0,-4415000000.0,0.0,,,0.8530399218654621,0.6746429007447198,0.2795446221462581,0.0877295714665956,0.143635879691243,0.0767232469576066,0.4038028030971283,False,2.410173478388709,False,0.4579372247413849,0.8086853695099582,12.03479036574487,0.8745425935064572,7.724150300421487,8.601584321626449,0.3689109998779147,0.2457606441380993,16502000000.0,1.466868932038835,0.022546650118666578,-0.13969513468365002,0.04419504643962848,0.11005281451722114,0.07974504106889722,-0.019569996027504005,-0.12709903161269936,0.03410283409275783,-0.04567708421868533,-2.0239691554738464,-0.033581194531062605,-0.07422159887798037,True,False,True,True,False,False,False,False,3,
Procter & Gamble Company (The),PG,Household & Personal Products,2023,82006000000.0,42760000000.0,39246000000.0,18134000000.0,21823000000.0,756000000.0,14653000000.0,8246000000.0,5471000000.0,7073000000.0,22648000000.0,120829000000.0,35756000000.0,73764000000.0,10229000000.0,24378000000.0,34607000000.0,46777000000.0,16848000000.0,-3500000000.0,-12146000000.0,-3062000000.0,0.0,,,0.6334041839131894,0.4355912294440094,0.23061863743148,0.1786820476550496,0.2211301612077165,0.1212705559095912,0.3132522393483977,False,0.739829403339248,False,0.2864130299845235,0.6104825828236599,23.986772486772487,0.6786946842231584,6.0455252368160615,14.989215865472492,0.4711936458216803,0.4868379229635622,19910000000.0,1.1497986760390364,,,,,,,,,,,,,False,False,False,False,False,False,False,False,0,0.0
Procter & Gamble Company (The),PG,Household & Personal Products,2024,84039000000.0,40848000000.0,43191000000.0,19886000000.0,22582000000.0,925000000.0,14879000000.0,9482000000.0,6118000000.0,7016000000.0,24709000000.0,122370000000.0,33627000000.0,71812000000.0,7191000000.0,25269000000.0,32460000000.0,50286000000.0,19846000000.0,-3504000000.0,-14855000000.0,-3322000000.0,0.0,,,0.7347964433342254,0.5261545781663545,0.2819757932613673,0.1770487511750496,0.2366282321303204,0.1215902590504208,0.2958875233663445,False,0.6455076959790002,False,0.2652610934052464,0.5868431805181008,21.49837837837838,0.6867614611424369,5.798566257363901,14.5032358270774,0.5901805097094597,0.6113986444855206,23168000000.0,1.3338261979971773,0.024790868960807746,0.015423462772128574,0.09661409507003418,-0.062039471783165254,0.01275356081735345,0.0003197031408296025,-0.01736471598205319,0.10139225942103602,-0.09432170736024781,-2.4883941083941075,0.17794396961063627,0.16363636363636364,False,False,False,True,False,False,False,False,1,0.0
Procter & Gamble Company (The),PG,Household & Personal Products,2025,84284000000.0,41164000000.0,43120000000.0,20451000000.0,23921000000.0,907000000.0,15974000000.0,9556000000.0,6185000000.0,7551000000.0,25392000000.0,125231000000.0,36058000000.0,72947000000.0,9512000000.0,24995000000.0,34507000000.0,52012000000.0,17817000000.0,-3818000000.0,-14036000000.0,-3773000000.0,0.0,,,0.7041987908369849,0.4947861778246158,0.2650174718509068,0.1895258886621423,0.2426439181813867,0.1275562760019484,0.3071214335153426,False,0.6634430516034762,False,0.2755467895329431,0.582499540848512,22.54796030871003,0.6730282438054476,5.65167845129402,13.701373648703568,0.4941205835043541,0.5163300199959429,21590000000.0,1.115374984349568,0.0029153131284284676,0.07359365548759997,0.028411948104193906,0.0630622304374615,0.023379913377461797,0.005966016951527611,0.011233910148998105,-0.030597652497240557,0.017935355624476013,1.0495819303316516,-0.1022372266451678,-0.06811118784530387,False,False,True,False,False,False,True,True,3,
"Plug Power, Inc.",PLUG,Electrical Equipment & Parts,2023,891340000.0,1399131000.0,-507791000.0,-1044005000.0,-1259913000.0,45201000.0,-1368833000.0,135033000.0,370059000.0,961253000.0,1786965000.0,4902738000.0,964800000.0,2004613000.0,86747000.0,480836000.0,567583000.0,2898125000.0,-1106570000.0,728052000.0,6117000.0,-696126000.0,1.0,Formal Going Concern Qualification (Form 10-K),2023.0,1.8521610696517408,0.8558374792703151,0.1399595771144278,-1.5357024255615142,-1.1712758318935534,-0.2791976646518741,-0.4723167565236144,False,0.1958448997196463,False,0.1157685766606333,0.408876223856955,-23.09694475785934,0.1818045345274416,1.455528357258703,2.408642946124808,-1.1469423714759537,-1.9496179413407375,-410444000.0,0.8084039470117976,,,,,,,,,,,,,False,False,False,False,True,True,False,False,2,0.0
"Plug Power, Inc.",PLUG,Electrical Equipment & Parts,2024,628814000.0,1253701000.0,-624887000.0,-1078223000.0,-1976413000.0,46622000.0,-2104701000.0,205693000.0,251296000.0,682642000.0,1477484000.0,3602846000.0,748489000.0,1795090000.0,142348000.0,587310000.0,729658000.0,1734137000.0,-728643000.0,-402364000.0,983170000.0,-334248000.0,0.0,,,1.9739555290725717,1.0619287658202057,0.2748109858661917,-3.3470962796629844,-1.7146930570884236,-0.5841773420235004,-1.213687845885302,False,0.4207614507965633,False,0.2025226723540223,0.4982422229537426,-23.12691433228948,0.1745325778565056,1.5252811158863553,2.0240088194349446,-0.973485248280202,-0.9986089373377663,-394395000.0,0.3461978684858324,-0.29452958467027174,-0.5375878576860728,-0.03277570509719781,0.2855529499650271,-0.265135930168,-0.30497967737162623,-0.7413710893616876,0.12179445942083089,0.224916551076917,-0.029969574430140256,0.3415301336562531,0.03910155831246163,True,True,True,True,True,True,False,True,7,0.0
"Plug Power, Inc.",PLUG,Electrical Equipment & Parts,2025,709919000.0,951959000.0,-242040000.0,-679570000.0,-1583625000.0,65127000.0,-1631594000.0,368540000.0,240026000.0,520968000.0,1410268000.0,2594568000.0,610588000.0,1591254000.0,79369000.0,624126000.0,703495000.0,978069000.0,-535835000.0,-139008000.0,629953000.0,-125640000.0,0.0,,,2.3096883659685417,1.4564649157860947,0.6035821208408944,-2.2982819166693664,-0.9572500524707748,-0.6288499665454904,-1.6681788299189526,False,0.7192692949065965,False,0.2711414771168071,0.6133020988465132,-10.434535599674485,0.2736174191618797,1.581839632439079,2.889831922853037,-0.8775721108177691,-0.7616756337998137,-410195000.0,0.3284119701347271,0.12898090691365013,0.22478584844118002,0.3697314933923687,-0.035856524563562656,-0.27985598052206506,-0.044672624521990056,-0.4544909840336506,0.33573283689597,0.2985078441100332,12.692378732614996,0.2646124370919641,-0.04006135980425715,True,False,False,False,True,True,False,True,4,
"Peloton Interactive, Inc.",PTON,Leisure,2023,2800300000.0,1876700000.0,923500000.0,-863200000.0,-1036600000.0,97100000.0,-1261700000.0,813900000.0,97200000.0,522600000.0,1639100000.0,2769100000.0,761400000.0,3064300000.0,7500000.0,1678900000.0,1686400000.0,-295200000.0,-387600000.0,-69900000.0,76800000.0,-82400000.0,1.0,Comprehensive Debt Refinancing & Restructuring,2024.0,2.1527449435250854,1.4663777252429735,1.0689519306540582,-0.45055886869264,-0.3082526872120844,-0.4556354050052363,4.274051490514905,True,-5.712737127371274,True,0.6090065364197754,1.1066050341266116,-8.889804325437693,1.0112671987288289,3.591083046306927,28.809670781893004,-0.5090622537431048,-0.2298387096774193,-305200000.0,0.3072045652690814,,,,,,,,,,,,,False,False,False,False,True,True,False,False,2,1.0
"Peloton Interactive, Inc.",PTON,Leisure,2024,2700400000.0,1494000000.0,1206500000.0,-405600000.0,-330800000.0,112500000.0,-551900000.0,697600000.0,103600000.0,329700000.0,1266000000.0,2185200000.0,685200000.0,2704400000.0,10000000.0,1490100000.0,1500100000.0,-519200000.0,-66100000.0,26800000.0,-94400000.0,-19700000.0,1.0,Comprehensive Debt Refinancing & Restructuring,2024.0,1.847635726795096,1.36646234676007,1.0180969060128429,-0.2043771293141756,-0.1501999703747593,-0.2525626944902068,1.0629815100154083,True,-2.889252696456086,True,0.6864817865641589,1.2375983891634632,-3.605333333333333,1.23576789309903,3.505807814149948,26.89641434262948,-0.0964681844716871,-0.0440637290847276,-46400000.0,0.1197680739264359,-0.035674749134021355,0.5625743045097884,0.5301204819277109,-0.11047201138519924,-0.21086273518471704,0.2030727105150295,-3.211069980499497,-0.30510921672998936,2.823484430915188,5.28447099210436,0.8294633642930856,0.8479685452162516,False,True,False,False,True,True,True,True,5,0.0
"Peloton Interactive, Inc.",PTON,Leisure,2025,2490800000.0,1222500000.0,1268300000.0,61700000.0,108600000.0,134500000.0,-118900000.0,1039500000.0,101200000.0,205600000.0,1437600000.0,2125300000.0,803900000.0,2539000000.0,208500000.0,1290500000.0,1499000000.0,-413700000.0,333000000.0,-5100000.0,1700000.0,-9300000.0,0.0,,,1.7882821246423684,1.5325289215076503,1.2930712775220798,-0.0477356672555002,0.0247711578609282,-0.0559450430527454,0.2874063330916123,True,-3.623398598017888,True,0.7053121912200631,1.194654872253329,0.4587360594795539,1.1719757210746715,4.567532224920606,24.32421875,0.4142306256997139,0.2221480987324883,342300000.0,-2.80067283431455,-0.0776181306473115,0.7845624207283928,1.152120315581854,-0.0007332844477034864,-0.027411678564891087,0.1966176514374614,-0.775575176923796,-0.05935360215272767,-0.7341459015618019,4.064069392812887,6.037821482602118,8.377155172413794,False,True,False,False,False,False,True,False,2,
"Rivian Automotive, Inc.",RIVN,Auto Manufacturers,2023,4434000000.0,6464000000.0,-2030000000.0,-5739000000.0,-4274000000.0,220000000.0,-5432000000.0,7857000000.0,161000000.0,2620000000.0,12313000000.0,16778000000.0,2487000000.0,7637000000.0,361000000.0,4431000000.0,4792000000.0,9141000000.0,-4866000000.0,-2511000000.0,3130000000.0,-1026000000.0,1.0,Cash Burn Deficit / Capital Support Agreement,2024.0,4.950944913550463,3.897466827503016,3.1592279855247285,-1.2250789354984213,-1.294316644113667,-0.3237573012277983,-0.5942457061590636,False,0.5242314845202932,False,0.2856121110978663,0.4551794015973298,-26.08636363636364,0.2642746453689355,2.467175572519084,27.540372670807454,-1.956574185765983,-1.0154424040066778,-3840000000.0,0.8958026509572902,,,,,,,,,,,,,False,False,False,False,True,True,False,False,2,1.0
"Rivian Automotive, Inc.",RIVN,Auto Manufacturers,2024,4970000000.0,6170000000.0,-1200000000.0,-4689000000.0,-3392000000.0,318000000.0,-4747000000.0,5294000000.0,443000000.0,2248000000.0,10583000000.0,15410000000.0,2251000000.0,8848000000.0,917000000.0,4441000000.0,5358000000.0,6558000000.0,-1716000000.0,-1980000000.0,1136000000.0,-1141000000.0,1.0,Cash Burn Deficit / Capital Support Agreement,2024.0,4.701466015104398,3.702798756108397,2.351843625055531,-0.9551307847082496,-0.9434607645875251,-0.3080467229072031,-0.7238487343702348,False,0.8170173833485819,False,0.3476963011031797,0.5741726151849449,-14.745283018867925,0.3225178455548345,2.5349219391947413,16.456953642384107,-0.7623278542869836,-0.3202687569988802,-575000000.0,0.3614914682957657,0.12088407758231845,0.12610456553755522,0.18295870360690017,0.1181135225375626,-0.08153534390272976,0.015710578320595192,-0.1296030282111712,-0.24947889844606497,0.29278589882828865,11.341080617495715,0.6473489519112207,0.8502604166666666,False,False,True,False,True,True,True,True,5,0.0
"Rivian Automotive, Inc.",RIVN,Auto Manufacturers,2025,5387000000.0,5243000000.0,144000000.0,-3585000000.0,-2562000000.0,274000000.0,-3646000000.0,3579000000.0,555000000.0,1594000000.0,8592000000.0,14864000000.0,3693000000.0,10270000000.0,1660000000.0,4440000000.0,6100000000.0,4566000000.0,-779000000.0,-1828000000.0,886000000.0,-1710000000.0,0.0,,,2.3265637692932577,1.8949363660980232,0.9691307879772544,-0.6768145535548543,-0.6654909968442547,-0.2452906350914962,-0.7985107314936487,False,1.3359614542268945,False,0.4103875134553283,0.6909311087190527,-13.083941605839415,0.3624192680301399,2.729307652264445,10.79559118236473,-0.2109396154887625,-0.1277049180327868,931000000.0,0.2136588041689522,0.08390342052313883,0.23193595955340215,0.23544465770953296,0.13848450914520344,-0.035431537962362106,0.06275608781570688,-0.07466199712341393,-2.37490224581114,0.5189440708783126,1.6613414130285094,0.546037296037296,2.6191304347826088,False,False,True,False,True,False,True,True,4,
"Virgin Galactic Holdings, Inc.",SPCE,Aerospace & Defense,2023,6800000.0,50538000.0,-43738000.0,-527111000.0,-475643000.0,12872000.0,-502337000.0,216799000.0,,16301000.0,950829000.0,1179517000.0,185660000.0,674041000.0,0.0,417886000.0,417886000.0,505476000.0,-448193000.0,-116273000.0,475431000.0,-44309000.0,1.0,Severe Cash Drain / Restructuring,2024.0,5.12134547021437,5.0335451901325,1.167720564472692,-73.87308823529412,-77.51632352941176,-0.4258836455939168,-0.9937900117908663,False,0.8267177867989776,False,0.3542856949073222,0.5714550956026916,-40.95020198881293,0.005765071635254,3.100300595055518,,-2.414052569212539,-1.0725245641155725,-403884000.0,0.8922157834282564,,,,,,,,,,,,,False,False,False,False,True,True,False,False,2,1.0
"Virgin Galactic Holdings, Inc.",SPCE,Aerospace & Defense,2024,7036000.0,90024000.0,-82988000.0,-376629000.0,-318272000.0,12927000.0,-346740000.0,178605000.0,,0.0,627936000.0,961225000.0,150010000.0,638945000.0,0.0,420120000.0,420120000.0,322280000.0,-352703000.0,175656000.0,134340000.0,-121855000.0,1.0,Severe Cash Drain / Restructuring,2024.0,4.185960935937604,4.185960935937604,1.1906206252916471,-49.28084138715179,-53.528851620238775,-0.3607271970662436,-1.0758967357577265,False,1.3035869430309048,False,0.4370672839345627,0.6647194985565295,-29.13506614063588,0.0073198262633618,11.045211950187104,,-2.351196586894207,-0.8395291821384366,-230848000.0,1.0171973236430756,0.03470588235294118,0.3097462460459811,0.28548446152707874,0.005345955595545197,-0.18506897314748325,0.06515644852767316,-0.08210672396686014,-0.9353845342767659,0.47686915623192727,11.815135848177047,0.2130555363426024,0.4284299452317992,False,False,True,False,True,True,True,True,5,0.0
"Virgin Galactic Holdings, Inc.",SPCE,Aerospace & Defense,2025,1544000.0,72769000.0,-71225000.0,-285343000.0,-249588000.0,12782000.0,-278907000.0,144727000.0,,0.0,372898000.0,803179000.0,209323000.0,529215000.0,47830000.0,276362000.0,324192000.0,273964000.0,-240142000.0,90843000.0,114129000.0,-198045000.0,0.0,,,1.7814478103218472,1.7814478103218472,0.691405148980284,-180.6392487046632,-184.80764248704665,-0.3472538500135088,-1.018042516535019,False,1.1833379568118438,False,0.4036360512413796,0.6589004443592276,-22.323814739477392,0.001922361017905,,,-1.1472317901042886,-0.7407400552758859,-42097000.0,0.8610110180095875,-0.7805571347356453,0.1956307319605468,0.24237645003438396,-0.22833476149671522,-0.1644214413898931,0.013473347052734841,0.05785421922270739,-2.4045131256157575,-0.120248986219061,6.81125140115849,0.3191381984275722,0.8176419115608539,False,True,False,False,True,True,True,False,4,
Thermo Fisher Scientific Inc,TMO,Diagnostics & Research,2023,42857000000.0,25757000000.0,17100000000.0,7318000000.0,11079000000.0,1375000000.0,5995000000.0,8077000000.0,9664000000.0,5088000000.0,24589000000.0,98726000000.0,14012000000.0,51884000000.0,3609000000.0,31308000000.0,34917000000.0,46735000000.0,8406000000.0,-5142000000.0,-3622000000.0,-1479000000.0,0.0,,,1.7548529831572937,1.3917356551527262,0.5764344847273766,0.1398837996126653,0.1707539025130083,0.0607236189048477,0.1282764523376484,False,0.7471274205627474,False,0.3536758300751575,0.5255353199765006,5.322181818181818,0.4341004396005105,5.062303459119497,4.434706125827814,0.5999143591207536,0.240742331815448,9885000000.0,1.4021684737281068,,,,,,,,,,,,,False,False,False,False,False,False,False,False,0,0.0
Thermo Fisher Scientific Inc,TMO,Diagnostics & Research,2024,42879000000.0,25177000000.0,17702000000.0,7717000000.0,11535000000.0,1390000000.0,6335000000.0,4009000000.0,9626000000.0,4978000000.0,22137000000.0,97321000000.0,13332000000.0,47649000000.0,2214000000.0,29061000000.0,31275000000.0,49585000000.0,8667000000.0,-5841000000.0,-6792000000.0,-1400000000.0,0.0,,,1.6604410441044104,1.287053705370537,0.3007050705070507,0.1477413185941836,0.1799715478439329,0.0650938646335323,0.1277604114147423,False,0.6307351013411314,False,0.3213592133249761,0.4896065597353089,5.551798561151079,0.4405934998612837,5.002384263858533,4.445723172628305,0.6500900090009001,0.2771223021582734,10067000000.0,1.3681136543014996,0.0005133350444501482,0.0567139282735613,0.054523093741459416,-0.10430449351318842,-0.014231306849259566,0.0043702457286846005,-0.000516040922906108,-0.09441193905288325,-0.11639231922161597,0.22961674296926127,0.031049250535331904,0.018411734951947395,False,False,False,False,False,False,True,False,1,0.0
Thermo Fisher Scientific Inc,TMO,Diagnostics & Research,2025,44557000000.0,26318000000.0,18239000000.0,8110000000.0,11507000000.0,1419000000.0,6704000000.0,9852000000.0,10566000000.0,5425000000.0,28707000000.0,110343000000.0,15189000000.0,56807000000.0,3533000000.0,35852000000.0,39385000000.0,53407000000.0,7818000000.0,-4047000000.0,1801000000.0,-1525000000.0,0.0,,,1.8899861742050168,1.5328198038053855,0.648627296069524,0.1504589626770204,0.1820140494198442,0.0607560062713538,0.1255266163611511,False,0.7374501469844776,False,0.3569324741941038,0.5148219642387827,5.715292459478506,0.4038045005120397,5.059694318946458,4.413332012678288,0.5147145960892752,0.1985019677542211,9343000000.0,1.1661694510739855,0.039133375311924255,0.05824782951854775,0.050926525852015035,0.259312549960032,0.13380462592862793,-0.0043378583621784955,-0.0022337950535911977,0.2295451301006064,0.10671504564334622,0.16349389832742656,-0.09795777085496711,-0.07191814840568193,True,False,True,False,False,False,False,True,3,
"Upstart Holdings, Inc.",UPST,Credit Services,2023,508119000.0,,,,,39600000.0,-240132000.0,377324000.0,55337000.0,0.0,,2017100000.0,,1381795000.0,387425000.0,652999000.0,1040424000.0,635305000.0,-111712000.0,-118455000.0,165487000.0,-12086000.0,1.0,Credit Performance Deterioration & Loan Impairment,2023.0,,,,-0.4725900822445136,,-0.1190481384165386,-0.3779790809138917,False,1.6376763916544022,False,0.5158018938079421,0.685040404541173,,0.2519057062118883,,9.1822650306305,,-0.1073716100359084,-99626000.0,0.4652108007262672,,,,,,,,,,,,,False,False,False,False,True,True,False,False,2,0.0
"Upstart Holdings, Inc.",UPST,Credit Services,2024,628834000.0,,,,,48127000.0,-128581000.0,793607000.0,126557000.0,0.0,,2366958000.0,,1733740000.0,195605000.0,1206563000.0,1402168000.0,633218000.0,186331000.0,-237726000.0,559871000.0,-9990000.0,0.0,,,,,,-0.20447526692259,,-0.0543233128766965,-0.2030596098026272,False,2.2143527189688226,False,0.5923924294389676,0.7324760304154109,,0.2656718032174631,,6.914290740761103,,0.1328877852012027,196321000.0,-1.449133231192789,0.2375723009767397,0.4645403361484517,,0.3476890190922162,0.17344603638887512,0.0647248255398421,0.17491947111126452,,0.5766763273144204,,2.6679586794614725,2.9705799690843757,False,False,True,False,False,False,False,True,2,0.0
"Upstart Holdings, Inc.",UPST,Credit Services,2025,1023985000.0,,,,,51536000.0,53601000.0,657445000.0,256805000.0,0.0,,2974805000.0,,2175990000.0,97333000.0,1731812000.0,1829145000.0,798815000.0,-147725000.0,-177171000.0,405645000.0,-18407000.0,0.0,,,,,,0.0523454933421876,,0.0180183238901373,0.0671006428271877,False,2.2898230503933954,False,0.6148789584527389,0.731473155383294,,0.3442192009224134,,5.342130936295199,,-0.0807617766770813,-129318000.0,-2.756012014701218,0.6283868238676662,1.4168656333361849,,0.30451201282585255,0.2568051482113329,0.0723416367668338,0.2701602526298149,,0.07547033142457282,,-1.7928095700661726,-1.65870691367709,False,False,True,False,True,True,False,True,4,
Visa Inc.,V,Credit Services,2023,32653000000.0,6567000000.0,26086000000.0,21927000000.0,22624000000.0,644000000.0,17273000000.0,16286000000.0,4474000000.0,0.0,33532000000.0,90499000000.0,23098000000.0,51766000000.0,0.0,20463000000.0,20463000000.0,38733000000.0,20755000000.0,-2006000000.0,-17772000000.0,-1059000000.0,0.0,,,1.451727422287644,1.451727422287644,0.7050826911420902,0.5289866168499066,0.6715156340918139,0.1908639874473751,0.4459504815015619,False,0.5283091937107892,False,0.2261129957237096,0.5720063205118289,34.048136645962735,0.3608106166918971,,7.298390701832812,0.8985626461165469,1.0142696574304844,21814000000.0,1.2015862907427777,,,,,,,,,,,,,False,False,False,False,False,False,False,False,0,0.0
Visa Inc.,V,Credit Services,2024,35926000000.0,7042000000.0,28884000000.0,24057000000.0,25591000000.0,641000000.0,19743000000.0,11975000000.0,7015000000.0,0.0,34033000000.0,94511000000.0,26517000000.0,55374000000.0,0.0,20836000000.0,20836000000.0,39137000000.0,19950000000.0,-1926000000.0,-20633000000.0,-1257000000.0,0.0,,,1.2834408115548517,1.2834408115548517,0.4515970886601048,0.5495462895952792,0.6696264543784446,0.2088963189470009,0.504458696374275,False,0.5323862329764673,False,0.2204611103469437,0.5859000539619726,37.53042121684867,0.3801250648072711,,6.253982069805901,0.752347550627899,0.9574774428873104,21207000000.0,1.0104847287646257,0.10023581294214927,0.14299774214091357,0.09714051169790669,0.018228021306748766,0.044331981568857114,0.018032331499625798,0.05850821487271307,-0.16828661073279227,0.00407703926567804,3.4822845708859376,-0.0387858347386172,-0.027826166681947373,False,False,True,False,False,False,True,True,3,0.0
Visa Inc.,V,Credit Services,2025,40000000000.0,7855000000.0,32145000000.0,26556000000.0,26003000000.0,589000000.0,20058000000.0,17164000000.0,7317000000.0,0.0,37766000000.0,99627000000.0,35048000000.0,61718000000.0,5569000000.0,19602000000.0,25171000000.0,37909000000.0,23059000000.0,708000000.0,-18963000000.0,-1482000000.0,0.0,,,1.0775507874914405,1.0775507874914405,0.48972837251769,0.50145,0.6639,0.2013309644975759,0.5291091825160252,False,0.6639848057189586,False,0.2526523934274845,0.6194907003121644,45.08658743633277,0.4014975859957642,,5.58191459670667,0.6579262725405158,0.9160939176035916,24541000000.0,1.1496161132715126,0.1133997661860491,0.015955022033125665,0.10387828906347425,0.2080533691687464,0.05413126514373988,-0.007565354449424994,0.02465048614175025,-0.20589002406341117,0.13159857274249132,7.556166219484098,0.15583959899749372,0.15721224124109964,True,False,True,False,False,False,True,True,4,
"Warner Bros. Discovery, Inc.",WBD,Entertainment,2023,41321000000.0,24526000000.0,16795000000.0,-886000000.0,22367000000.0,2221000000.0,-3126000000.0,3780000000.0,7312000000.0,0.0,14218000000.0,122757000000.0,15332000000.0,76285000000.0,1780000000.0,41889000000.0,43669000000.0,45226000000.0,7477000000.0,-1259000000.0,-5837000000.0,-1316000000.0,1.0,Massive Goodwill Impairment ($9.1B) & Debt Burden,2024.0,0.9273415079572136,0.9273415079572136,0.2465431776676232,-0.0756516057210619,-0.0214418818518428,-0.0254649429360443,-0.0691195330119842,False,0.9655729005439349,False,0.3557353144830845,0.6214309570940965,-0.3989194056731202,0.3366080956686788,,5.651121444201313,0.4876728411166188,0.1712198584808445,8793000000.0,-2.391874600127959,,,,,,,,,,,,,False,False,False,False,False,False,False,False,0,1.0
"Warner Bros. Discovery, Inc.",WBD,Entertainment,2024,39321000000.0,22970000000.0,16351000000.0,18000000.0,11612000000.0,2017000000.0,-11311000000.0,5312000000.0,5926000000.0,0.0,14078000000.0,104560000000.0,15810000000.0,69622000000.0,2748000000.0,36757000000.0,39505000000.0,34037000000.0,5375000000.0,-349000000.0,-3749000000.0,-948000000.0,1.0,Massive Goodwill Impairment ($9.1B) & Debt Burden,2024.0,0.8904490828589501,0.8904490828589501,0.3359898798228969,-0.2876579944558887,0.0004577706569008,-0.1081771231828615,-0.3323148338572729,False,1.160648705820137,False,0.3778213465952563,0.6658569242540169,0.0089241447694595,0.3760615914307574,,5.940625472125698,0.3399746995572422,0.1360587267434502,6323000000.0,-0.4752011316417646,-0.04840153916894557,-2.6183621241202815,1.020316027088036,-0.09535368339096384,-0.14823594581164415,-0.0827121802468172,-0.2631953008452887,-0.036892425098263515,0.19507580527620205,0.4078435504425797,-0.28112879497124516,-0.28090526555214373,True,True,False,False,False,False,True,True,4,0.0
"Warner Bros. Discovery, Inc.",WBD,Entertainment,2025,37296000000.0,20885000000.0,16411000000.0,1309000000.0,21263000000.0,2085000000.0,727000000.0,4566000000.0,6366000000.0,0.0,13206000000.0,100085000000.0,12500000000.0,62919000000.0,139000000.0,32428000000.0,32567000000.0,35919000000.0,4319000000.0,-1179000000.0,-4240000000.0,-1231000000.0,0.0,,,1.05648,1.05648,0.36528,0.0194927069927069,0.0350975975975976,0.0072638257481141,0.0202399844093655,False,0.9066789164509034,False,0.3253934155967428,0.6286556427037019,0.6278177458033574,0.3726432532347504,,6.068337129840547,0.34552,0.1326189087112721,5550000000.0,5.940852819807428,-0.05149919890135042,1.0642737158518256,71.72222222222223,-0.17562333881787115,-0.04279839326702372,0.1154409489309756,0.35255481826663837,0.16603091714105,-0.25396978936923353,0.6188936010338979,-0.19646511627906976,-0.12225209552427645,False,True,False,False,False,False,False,False,1,
Walmart Inc.,WMT,Discount Stores,2023,611289000000.0,463721000000.0,147568000000.0,20428000000.0,30089000000.0,2128000000.0,11680000000.0,8625000000.0,7933000000.0,56576000000.0,75655000000.0,243197000000.0,92198000000.0,159206000000.0,4563000000.0,34649000000.0,39212000000.0,76693000000.0,28841000000.0,-17722000000.0,-17039000000.0,-16857000000.0,0.0,,,0.8205709451398078,0.2069350745135469,0.0935486669992841,0.0191071653505952,0.0334179087142088,0.0480269082266639,0.152295515888021,False,0.5112852541952981,False,0.1612355415568448,0.65463800951492,9.599624060150376,2.5135548547062667,8.19642604638009,77.05647296104878,0.3128158962233454,0.7355146383760074,45698000000.0,2.469263698630137,,,,,,,,,,,,,False,False,False,False,False,False,False,False,0,0.0
Walmart Inc.,WMT,Discount Stores,2024,648125000000.0,490142000000.0,157983000000.0,27012000000.0,36384000000.0,2683000000.0,15511000000.0,9867000000.0,8796000000.0,54892000000.0,76877000000.0,252399000000.0,92415000000.0,161828000000.0,4325000000.0,36132000000.0,40457000000.0,83861000000.0,35726000000.0,-21287000000.0,-13414000000.0,-20606000000.0,0.0,,,0.8318671211383434,0.2378942812314018,0.1067683817562084,0.0239321118611378,0.0416771456123433,0.0614542846841707,0.1849608280368705,False,0.4824292579387319,False,0.1602898585176645,0.641159434070658,10.067834513604174,2.567858826698997,8.794308680518176,77.4852053320581,0.3865822647838554,0.8830610277578663,56332000000.0,2.303268648056218,0.06025954990192855,0.32799657534246573,0.3223027217544547,0.03175048454554728,0.03783763779980839,0.013427376457506794,0.03266531214884949,0.011296175998535607,-0.028855996256566208,0.4682104534537981,0.23872265178045143,0.23270164996279924,False,False,True,False,False,False,False,False,1,0.0
Walmart Inc.,WMT,Discount Stores,2025,680985000000.0,511753000000.0,169232000000.0,29348000000.0,42010000000.0,2728000000.0,19436000000.0,9037000000.0,9975000000.0,56435000000.0,79458000000.0,260823000000.0,96584000000.0,163131000000.0,5666000000.0,33401000000.0,39067000000.0,91013000000.0,36443000000.0,-21379000000.0,-14822000000.0,-23783000000.0,0.0,,,0.8226828460200447,0.2383728153731467,0.093566222148596,0.0285410104481009,0.0430963971306269,0.0745179681239767,0.2135519101666795,False,0.4292463713974926,False,0.1497835697005248,0.6254471423149032,10.758064516129032,2.610908547175671,9.193690659049468,72.5571360076714,0.3773192247163091,0.9328333375995084,60226000000.0,1.8750257254579128,0.05070009643201543,0.2530462252594933,0.08648008292610691,-0.03435746595150407,0.033375726528235054,0.013063683439805997,0.028591082129808987,-0.009184275118298668,-0.053182886541239316,0.6902300025248582,0.020069417231148183,0.06912589647092239,False,False,False,False,False,False,True,False,1,
ExxonMobil Holdings Corporation,XOM,Oil & Gas Integrated,2023,334697000000.0,250555000000.0,84142000000.0,44461000000.0,74273000000.0,849000000.0,36010000000.0,31539000000.0,38015000000.0,25120000000.0,96609000000.0,376317000000.0,65316000000.0,163779000000.0,4090000000.0,33645000000.0,37735000000.0,204802000000.0,55369000000.0,-19274000000.0,-34297000000.0,-21919000000.0,0.0,,,1.4791015983832445,1.0945097678976057,0.4828679037295609,0.107589849923961,0.1328395533870934,0.0956906012749889,0.1758283610511616,False,0.184251130360055,False,0.1002745026134881,0.4352155230829327,52.36866902237927,0.889401754371979,9.974323248407645,8.804340391950547,0.8477095964235409,1.4673115145090765,77288000000.0,1.537600666481533,,,,,,,,,,,,,False,False,False,False,False,False,False,False,0,0.0
ExxonMobil Holdings Corporation,XOM,Oil & Gas Integrated,2024,339247000000.0,262505000000.0,76742000000.0,39652000000.0,73311000000.0,996000000.0,33680000000.0,23029000000.0,43681000000.0,23524000000.0,91990000000.0,453475000000.0,70307000000.0,182869000000.0,4955000000.0,32804000000.0,37759000000.0,263705000000.0,55022000000.0,-19938000000.0,-42789000000.0,-24306000000.0,0.0,,,1.3084045685351386,0.9738148406275337,0.3275491771800816,0.099278696642859,0.1168823895273944,0.0742709079883124,0.1277184732940217,False,0.1431865152348267,False,0.0832658911737141,0.403261480787254,39.81124497991968,0.7481051877170737,10.792903544116438,8.305106737171954,0.7825963275349539,1.45718901453958,79328000000.0,1.633669833729216,0.013594385369453565,-0.06470424881977228,-0.1081622095769326,0.0006360143103219823,0.2050345852034322,-0.021419693286676506,-0.048109887757139896,-0.17069702984810586,-0.0410646151252283,-12.557424042459594,-0.006267044736224241,0.026394783148742367,True,False,True,True,False,False,True,False,4,0.0
ExxonMobil Holdings Corporation,XOM,Oil & Gas Integrated,2025,323905000000.0,252665000000.0,71240000000.0,33938000000.0,67864000000.0,603000000.0,28844000000.0,10681000000.0,44562000000.0,26302000000.0,83382000000.0,448980000000.0,72330000000.0,182354000000.0,9296000000.0,27928000000.0,37224000000.0,259386000000.0,51970000000.0,-25927000000.0,-39081000000.0,-28358000000.0,0.0,,,1.152799668187474,0.7891607908198535,0.1476703995575833,0.0890508019326654,0.1047776354177922,0.0642433961423671,0.111201067135466,False,0.1435081307395156,False,0.0829079246291594,0.406151721680253,56.281923714759536,0.7214241168871665,10.14189379039056,7.341205534716635,0.7185123738421125,1.3961422738018483,80328000000.0,1.8017611981694632,-0.04522368657644725,-0.14358669833729215,-0.14410370220922022,-0.014168807436637622,-0.009912343569105243,-0.010027511845945303,-0.016517406158555695,-0.15560490034766472,0.0003216155046888991,16.470678734839858,-0.055468721602268185,0.012605889471561113,True,True,False,False,False,False,True,True,4,
